,Team,Tm,Conf,Div,W,L,W/L%,MOV,ORtg,DRtg,NRtg,MOV/A,ORtg/A,DRtg/A,NRtg/A,Season,PER_Sum_FU,PER_Rank_FU,PER_Sum_FU_SU,PER_Rank_FU_SU,PER_Sum_all,PER_Rank_all
0,Utah Jazz,UTA,W,NW,52,20,0.722,9.25,118.42,108.94,9.48,8.96,118.23,109.04,9.2,2020/21,80.4,18.0,158.4,9.0,242.5,20.0
1,Phoenix Suns,PHO,W,P,51,21,0.708,5.82,118.01,112.14,5.87,5.67,117.96,112.22,5.74,2020/21,89.1,6.0,160.6,7.0,231.3,24.0
2,Philadelphia 76ers,PHI,E,A,49,23,0.6809999999999999,5.58,114.13,108.51,5.62,5.28,113.96,108.66,5.3,2020/21,93.6,4.0,163.39999999999998,3.0,270.4,14.0
3,Brooklyn Nets,BRK,E,A,48,24,0.667,4.5,118.91,114.4,4.52,4.24,119.0,114.76,4.24,2020/21,77.9,21.0,162.4,4.0,331.70000000000005,3.0
4,Los Angeles Clippers,LAC,W,P,47,25,0.653,6.18,118.39,112.13,6.26,6.02,118.34,112.23,6.11,2020/21,92.7,5.0,167.60000000000002,1.0,276.1,10.0
5,Denver Nuggets,DEN,W,NW,47,25,0.653,4.93,118.04,113.01,5.03,4.82,118.02,113.1,4.92,2020/21,93.60000000000001,3.0,162.10000000000002,5.0,254.20000000000002,16.0
6,Milwaukee Bucks,MIL,E,C,46,26,0.639,5.89,117.68,112.03,5.65,5.57,117.67,112.34,5.33,2020/21,95.8,1.0,160.3,8.0,275.9,11.0
7,Los Angeles Lakers,LAL,W,P,42,30,0.583,2.79,110.52,107.84,2.68,2.76,110.28,107.6,2.67,2020/21,84.1,13.0,146.7,22.0,253.60000000000002,17.0
8,Dallas Mavericks,DAL,W,SW,42,30,0.583,2.26,116.16,113.79,2.37,2.26,116.18,113.8,2.38,2020/21,82.0,15.0,157.6,10.0,243.7,19.0
9,Portland Trail Blazers,POR,W,NW,42,30,0.583,1.79,118.28,116.58,1.7,1.8,118.42,116.68,1.73,2020/21,94.6,2.0,165.89999999999998,2.0,229.0,26.0
10,New York Knicks,NYK,E,A,41,31,0.569,2.31,111.38,108.97,2.41,2.13,111.23,109.01,2.21,2020/21,70.7,27.0,153.8,13.0,207.2,28.0
11,Atlanta Hawks,ATL,E,SE,41,31,0.569,2.32,116.28,113.89,2.38,2.14,116.33,114.14,2.19,2020/21,86.8,11.0,155.2,12.0,233.10000000000002,23.0
12,Miami Heat,MIA,E,SE,40,32,0.556,0.03,112.12,111.98,0.13,-0.06,112.09,112.06,0.03,2020/21,87.7,9.0,148.1,19.0,308.5,6.0
13,Golden State Warriors,GSW,W,P,39,33,0.542,1.06,111.74,110.65,1.09,1.1,111.61,110.47,1.14,2020/21,78.5,19.0,143.0,23.0,240.5,21.0
14,Memphis Grizzlies,MEM,W,SW,38,34,0.528,1.03,112.77,111.77,1.0,1.07,112.69,111.63,1.06,2020/21,82.6,14.0,157.6,10.0,240.2,22.0
15,Boston Celtics,BOS,E,A,36,36,0.5,1.46,114.66,113.29,1.37,1.32,114.69,113.47,1.22,2020/21,86.9,10.0,155.8,11.0,282.1,8.0
16,Indiana Pacers,IND,E,C,34,38,0.472,-0.04,112.98,112.96,0.02,-0.12,112.99,113.07,-0.08,2020/21,81.4,17.0,151.8,14.0,265.0,15.0
17,Washington Wizards,WAS,E,SE,34,38,0.472,-1.83,111.75,113.63,-1.88,-1.84,111.79,113.69,-1.91,2020/21,78.0,20.0,141.1,24.0,215.6,27.0
18,San Antonio Spurs,SAS,W,SW,33,39,0.4579999999999999,-1.74,111.61,113.35,-1.74,-1.58,111.59,113.17,-1.57,2020/21,81.6,16.0,149.6,18.0,244.8,18.0
19,Charlotte Hornets,CHO,E,SE,33,39,0.4579999999999999,-1.93,111.62,113.69,-2.07,-1.94,111.66,113.75,-2.08,2020/21,77.4,23.0,149.8,16.0,229.8,25.0
20,New Orleans Pelicans,NOP,W,SW,31,41,0.431,-0.29,114.47,114.78,-0.32,-0.2,114.52,114.73,-0.21,2020/21,88.1,8.0,161.8,6.0,193.2,29.0
21,Chicago Bulls,CHI,E,C,31,41,0.431,-0.89,111.9,112.81,-0.91,-0.94,111.9,112.87,-0.97,2020/21,72.5,26.0,149.7,17.0,281.7,9.0
22,Sacramento Kings,SAC,W,P,31,41,0.431,-3.68,114.4,118.0,-3.6,-3.45,114.59,117.94,-3.36,2020/21,85.3,12.0,150.2,15.0,321.9,4.0
23,Toronto Raptors,TOR,E,A,27,45,0.375,-0.47,112.96,113.44,-0.48,-0.54,113.0,113.55,-0.56,2020/21,88.3,7.0,147.4,20.0,283.1,7.0
24,Minnesota Timberwolves,MIN,W,NW,23,49,0.319,-5.56,110.18,115.55,-5.36,-5.25,110.26,115.31,-5.05,2020/21,77.6,22.0,147.1,21.0,192.39999999999998,30.0
25,Cleveland Cavaliers,CLE,E,C,22,50,0.306,-8.44,106.85,115.65,-8.8,-8.19,106.96,115.51,-8.55,2020/21,70.2,29.0,135.5,27.0,316.1,5.0
26,Oklahoma City Thunder,OKC,W,NW,22,50,0.306,-10.64,104.32,114.8,-10.48,-10.13,104.36,114.32,-9.96,2020/21,53.9,30.0,131.2,29.0,275.0,12.0
27,Orlando Magic,ORL,E,SE,21,51,0.292,-9.31,105.74,115.22,-9.48,-9.02,105.83,115.03,-9.2,2020/21,70.5,28.0,132.2,28.0,341.79999999999995,2.0
28,Detroit Pistons,DET,E,C,20,52,0.278,-4.47,108.9,113.53,-4.63,-4.38,108.93,113.48,-4.55,2020/21,76.6,24.0,139.3,25.0,274.3,13.0
29,Houston Rockets,HOU,W,SW,17,55,0.236,-7.9,107.85,115.69,-7.84,-7.5,107.93,115.35,-7.42,2020/21,74.9,25.0,138.7,26.0,358.7,1.0
30,Milwaukee Bucks,MIL,E,C,56,17,0.767,10.08,112.98,103.36,9.62,9.41,112.69,103.73,8.96,2019/20,93.7,4.0,162.4,3.0,237.6,21.0
31,Toronto Raptors,TOR,E,A,53,19,0.736,6.24,112.02,105.85,6.18,5.97,111.99,106.08,5.9,2019/20,82.4,12.0,147.2,18.0,267.8,10.0
32,Los Angeles Lakers,LAL,W,P,52,19,0.732,5.79,112.78,107.14,5.65,6.28,112.83,106.68,6.16,2019/20,86.9,8.0,157.10000000000002,8.0,258.0,14.0
33,Los Angeles Clippers,LAC,W,P,49,23,0.6809999999999999,6.44,114.66,108.25,6.41,6.66,114.56,107.94,6.62,2019/20,97.0,1.0,158.7,5.0,281.8,7.0
34,Boston Celtics,BOS,E,A,48,24,0.667,6.31,114.14,107.79,6.35,5.83,114.01,108.15,5.86,2019/20,89.2,6.0,157.9,6.0,251.8,16.0
35,Denver Nuggets,DEN,W,NW,46,27,0.63,2.11,114.06,111.9,2.15,2.35,114.06,111.66,2.4,2019/20,82.3,13.0,163.5,2.0,288.5,5.0
36,Indiana Pacers,IND,E,C,45,28,0.616,1.96,110.9,108.77,2.12,1.63,110.94,109.17,1.77,2019/20,95.3,3.0,176.2,1.0,220.4,25.0
37,Houston Rockets,HOU,W,SW,44,28,0.611,2.96,113.71,110.82,2.89,3.13,113.68,110.59,3.08,2019/20,81.5,15.0,145.3,19.0,255.3,15.0
38,Utah Jazz,UTA,W,NW,44,28,0.611,2.47,113.14,110.48,2.66,2.52,113.09,110.38,2.71,2019/20,78.2,20.0,155.2,9.0,220.2,26.0
39,Oklahoma City Thunder,OKC,W,NW,44,28,0.611,1.99,111.74,109.66,2.09,2.32,111.74,109.32,2.42,2019/20,96.1,2.0,150.39999999999998,16.0,185.29999999999998,30.0
40,Miami Heat,MIA,E,SE,44,29,0.603,2.95,113.29,110.36,2.93,2.59,113.22,110.65,2.58,2019/20,86.2,9.0,155.10000000000002,10.0,247.0,19.0
41,Philadelphia 76ers,PHI,E,A,43,30,0.589,2.38,112.09,109.77,2.32,2.25,112.15,109.97,2.18,2019/20,77.3,21.0,151.0,15.0,242.4,20.0
42,Dallas Mavericks,DAL,W,SW,43,32,0.573,4.95,117.5,112.53,4.97,4.87,117.41,112.52,4.9,2019/20,88.2,7.0,159.4,4.0,271.8,9.0
43,Brooklyn Nets,BRK,E,A,35,37,0.486,-0.57,109.68,110.25,-0.57,-1.01,109.63,110.64,-1.01,2019/20,71.4,27.0,134.7,26.0,315.5,1.0
44,Portland Trail Blazers,POR,W,NW,35,39,0.473,-1.15,114.26,115.41,-1.15,-0.61,114.48,115.09,-0.61,2019/20,90.3,5.0,145.2,20.0,250.29999999999998,17.0
45,Phoenix Suns,PHO,W,P,34,39,0.466,0.22,112.38,112.27,0.11,0.56,112.41,111.94,0.47,2019/20,79.1,19.0,152.7,11.0,225.2,24.0
46,Memphis Grizzlies,MEM,W,SW,34,39,0.466,-1.07,109.97,110.91,-0.94,-0.91,109.87,110.65,-0.78,2019/20,79.7,17.0,151.0,15.0,284.3,6.0
47,Orlando Magic,ORL,E,SE,33,40,0.452,-1.01,109.1,110.28,-1.18,-0.93,109.18,110.27,-1.09,2019/20,81.69999999999999,14.0,152.5,12.0,228.7,22.0
48,San Antonio Spurs,SAS,W,SW,32,39,0.451,-1.11,112.98,114.17,-1.2,-0.65,113.13,113.86,-0.73,2019/20,85.0,10.0,157.4,7.0,266.1,11.0
49,Sacramento Kings,SAC,W,P,31,41,0.431,-2.04,111.09,113.03,-1.94,-1.59,111.17,112.65,-1.48,2019/20,70.2,28.0,148.9,17.0,288.8,4.0
50,New Orleans Pelicans,NOP,W,SW,30,42,0.417,-1.29,111.42,112.62,-1.2,-0.55,111.73,112.18,-0.46,2019/20,76.2,24.0,142.5,23.0,219.3,27.0
51,Charlotte Hornets,CHO,E,SE,23,42,0.354,-6.75,107.32,114.21,-6.89,-7.04,107.38,114.56,-7.18,2019/20,73.9,25.0,131.0,28.0,185.3,29.0
52,Washington Wizards,WAS,E,SE,25,47,0.347,-4.67,111.69,116.16,-4.46,-5.24,111.64,116.7,-5.05,2019/20,79.8,16.0,152.0,14.0,293.5,3.0
53,Chicago Bulls,CHI,E,C,22,43,0.3379999999999999,-3.08,107.6,110.74,-3.14,-4.0,107.22,111.29,-4.07,2019/20,72.4,26.0,137.9,25.0,248.60000000000002,18.0
54,New York Knicks,NYK,E,A,21,45,0.318,-6.45,107.1,113.52,-6.42,-6.72,106.91,113.6,-6.7,2019/20,82.8,11.0,143.9,21.0,210.9,28.0
55,Detroit Pistons,DET,E,C,20,46,0.303,-3.56,109.96,113.59,-3.63,-4.38,109.77,114.23,-4.45,2019/20,79.2,18.0,152.2,13.0,259.0,13.0
56,Atlanta Hawks,ATL,E,SE,20,47,0.299,-7.97,107.86,115.47,-7.61,-7.71,108.18,115.56,-7.37,2019/20,76.5,23.0,143.9,21.0,226.4,23.0
57,Minnesota Timberwolves,MIN,W,NW,19,45,0.297,-4.3,108.91,113.03,-4.12,-4.02,108.9,112.73,-3.83,2019/20,77.2,22.0,143.3,22.0,302.7,2.0
58,Cleveland Cavaliers,CLE,E,C,19,46,0.292,-7.89,108.14,116.2,-8.05,-7.77,108.46,116.41,-7.94,2019/20,70.2,28.0,133.7,27.0,259.3,12.0
59,Golden State Warriors,GSW,W,P,15,50,0.231,-8.71,105.93,114.66,-8.74,-8.12,105.98,114.11,-8.13,2019/20,63.6,29.0,140.0,24.0,275.4,8.0
60,Milwaukee Bucks,MIL,E,C,60,22,0.732,8.87,114.23,105.76,8.47,8.05,113.89,106.23,7.66,2018/19,99.1,1.0,157.5,4.0,336.1,4.0
61,Toronto Raptors,TOR,E,A,58,24,0.7070000000000001,6.09,113.99,108.0,5.99,5.49,113.78,108.4,5.38,2018/19,92.7,4.0,160.0,1.0,305.3,6.0
62,Golden State Warriors,GSW,W,P,57,25,0.695,6.46,116.63,110.24,6.39,6.42,116.6,110.24,6.37,2018/19,91.2,5.0,158.0,3.0,255.8,16.0
63,Denver Nuggets,DEN,W,NW,54,28,0.659,3.95,113.76,109.62,4.14,4.2,113.74,109.35,4.39,2018/19,90.6,7.0,153.0,10.0,229.29999999999998,22.0
64,Houston Rockets,HOU,W,SW,53,29,0.6459999999999999,4.77,116.25,111.43,4.82,4.97,116.45,111.43,5.03,2018/19,95.5,2.0,147.8,15.0,300.2,7.0
65,Portland Trail Blazers,POR,W,NW,53,29,0.6459999999999999,4.2,115.45,111.07,4.38,4.44,115.63,111.01,4.62,2018/19,88.89999999999999,9.0,156.3,6.0,243.2,20.0
66,Philadelphia 76ers,PHI,E,A,51,31,0.622,2.7,113.21,110.58,2.64,2.26,113.16,110.97,2.19,2018/19,94.4,3.0,151.4,11.0,357.9,1.0
67,Utah Jazz,UTA,W,NW,50,32,0.61,5.26,111.35,106.11,5.24,5.29,111.23,105.94,5.28,2018/19,81.30000000000001,15.0,146.60000000000002,17.0,240.7,21.0
68,Boston Celtics,BOS,E,A,49,33,0.598,4.44,112.78,108.35,4.43,3.9,112.57,108.69,3.88,2018/19,86.9,10.0,159.9,2.0,311.6,5.0
69,Oklahoma City Thunder,OKC,W,NW,49,33,0.598,3.4,110.85,107.53,3.31,3.56,110.71,107.22,3.49,2018/19,89.4,8.0,138.3,26.0,104.20000000000002,28.0
70,Indiana Pacers,IND,E,C,48,34,0.585,3.33,110.62,107.23,3.39,2.76,110.31,107.5,2.8,2018/19,78.0,19.0,149.8,13.0,211.39999999999998,26.0
71,San Antonio Spurs,SAS,W,SW,48,34,0.585,1.68,113.3,111.55,1.75,1.81,113.3,111.42,1.88,2018/19,85.2,11.0,154.5,9.0,217.5,25.0
72,Los Angeles Clippers,LAC,W,P,48,34,0.585,0.85,113.14,112.33,0.81,1.09,113.29,112.22,1.06,2018/19,90.8,6.0,148.0,14.0,275.1,12.0
73,Orlando Magic,ORL,E,SE,42,40,0.512,0.71,109.46,108.82,0.65,0.28,109.26,109.05,0.21,2018/19,84.0,12.0,138.8,25.0,243.2,20.0
74,Brooklyn Nets,BRK,E,A,42,40,0.512,-0.07,110.3,110.36,-0.06,-0.4,110.15,110.56,-0.41,2018/19,79.8,17.0,136.1,28.0,270.79999999999995,14.0
75,Detroit Pistons,DET,E,C,41,41,0.5,-0.24,109.93,110.13,-0.2,-0.55,109.86,110.38,-0.53,2018/19,77.19999999999999,20.0,135.39999999999998,29.0,224.5,23.0
76,Miami Heat,MIA,E,SE,39,43,0.476,-0.23,108.22,108.35,-0.13,-0.45,108.03,108.39,-0.36,2018/19,74.9,25.0,144.10000000000002,20.0,220.9,24.0
77,Sacramento Kings,SAC,W,P,39,43,0.476,-1.12,111.17,112.19,-1.02,-0.81,111.29,112.0,-0.71,2018/19,83.1,13.0,147.2,16.0,250.7,18.0
78,Charlotte Hornets,CHO,E,SE,39,43,0.476,-1.1,112.1,113.16,-1.06,-1.31,112.11,113.41,-1.3,2018/19,76.6,22.0,154.6,8.0,208.9,27.0
79,Los Angeles Lakers,LAL,W,P,37,45,0.451,-1.72,108.52,110.18,-1.66,-1.32,108.46,109.71,-1.26,2018/19,75.2,24.0,143.8,21.0,274.1,13.0
80,Minnesota Timberwolves,MIN,W,NW,36,46,0.439,-1.5,112.04,113.54,-1.51,-1.02,112.31,113.32,-1.01,2018/19,80.2,16.0,155.5,7.0,285.8,10.0
81,Dallas Mavericks,DAL,W,SW,33,49,0.402,-1.28,110.19,111.41,-1.22,-0.86,110.29,111.08,-0.79,2018/19,76.9,21.0,141.5,23.0,250.5,19.0
82,New Orleans Pelicans,NOP,W,SW,33,49,0.402,-1.33,111.85,113.1,-1.25,-1.1,111.98,112.98,-1.01,2018/19,90.6,7.0,149.89999999999998,12.0,252.2,17.0
83,Memphis Grizzlies,MEM,W,SW,33,49,0.402,-2.6,106.96,109.66,-2.7,-2.08,106.93,109.09,-2.17,2018/19,72.19999999999999,26.0,139.89999999999998,24.0,341.2,3.0
84,Washington Wizards,WAS,E,SE,32,50,0.39,-2.9,111.72,114.56,-2.84,-3.3,111.72,114.97,-3.25,2018/19,82.5,14.0,156.4,5.0,343.29999999999995,2.0
85,Atlanta Hawks,ATL,E,SE,29,53,0.354,-6.02,108.71,114.41,-5.7,-6.06,108.83,114.59,-5.76,2018/19,71.6,28.0,144.39999999999998,19.0,285.8,10.0
86,Chicago Bulls,CHI,E,C,22,60,0.268,-8.41,105.45,113.94,-8.49,-8.32,105.49,113.9,-8.41,2018/19,75.7,23.0,137.0,27.0,279.7,11.0
87,Phoenix Suns,PHO,W,P,19,63,0.2319999999999999,-9.34,106.29,115.55,-9.26,-8.61,106.59,115.11,-8.52,2018/19,78.4,18.0,144.7,18.0,258.3,15.0
88,Cleveland Cavaliers,CLE,E,C,19,63,0.2319999999999999,-9.61,108.5,118.54,-10.04,-9.39,108.83,118.64,-9.82,2018/19,71.9,27.0,143.7,22.0,297.0,8.0
89,New York Knicks,NYK,E,A,17,65,0.207,-9.21,105.13,114.39,-9.26,-8.92,105.31,114.3,-8.98,2018/19,62.4,29.0,135.2,30.0,294.2,9.0
90,Houston Rockets,HOU,W,SW,65,17,0.7929999999999999,8.48,115.48,106.84,8.64,8.21,115.45,107.08,8.37,2017/18,89.6,6.0,167.39999999999998,1.0,218.2,27.0
91,Toronto Raptors,TOR,E,A,59,23,0.72,7.78,114.6,106.56,8.03,7.3,114.5,106.96,7.54,2017/18,92.2,4.0,165.10000000000002,2.0,263.4,9.0
92,Golden State Warriors,GSW,W,P,58,24,0.7070000000000001,5.98,114.31,108.43,5.88,5.79,114.33,108.62,5.7,2017/18,97.5,1.0,164.4,3.0,226.10000000000002,25.0
93,Boston Celtics,BOS,E,A,55,27,0.6709999999999999,3.59,108.4,104.65,3.75,3.24,108.14,104.75,3.39,2017/18,86.5,10.0,144.5,18.0,241.7,20.0
94,Philadelphia 76ers,PHI,E,A,52,30,0.634,4.5,110.28,105.77,4.51,4.3,110.12,105.81,4.31,2017/18,87.5,9.0,146.8,17.0,253.39999999999998,13.0
95,Cleveland Cavaliers,CLE,E,C,50,32,0.61,0.94,113.58,112.56,1.02,0.59,113.61,112.94,0.67,2017/18,87.60000000000001,8.0,149.60000000000002,11.0,294.8,5.0
96,Portland Trail Blazers,POR,W,NW,49,33,0.598,2.6,109.58,106.93,2.66,2.6,109.44,106.79,2.66,2017/18,83.3,14.0,142.4,23.0,259.3,11.0
97,Utah Jazz,UTA,W,NW,48,34,0.585,4.3,109.07,104.56,4.51,4.47,108.92,104.24,4.68,2017/18,86.0,12.0,153.4,8.0,392.20000000000005,1.0
98,Oklahoma City Thunder,OKC,W,NW,48,34,0.585,3.41,111.48,108.02,3.47,3.42,111.5,108.03,3.47,2017/18,92.9,3.0,141.2,25.0,211.5,29.0
99,New Orleans Pelicans,NOP,W,SW,48,34,0.585,1.3,110.29,109.05,1.24,1.48,110.37,108.95,1.42,2017/18,90.7,5.0,149.0,14.0,247.4,17.0
100,Indiana Pacers,IND,E,C,48,34,0.585,1.38,110.24,108.8,1.44,1.18,110.17,108.94,1.24,2017/18,81.6,16.0,158.39999999999998,4.0,266.4,8.0
101,San Antonio Spurs,SAS,W,SW,47,35,0.573,2.89,108.49,105.36,3.13,2.89,108.35,105.23,3.12,2017/18,83.0,15.0,152.2,9.0,243.8,18.0
102,Minnesota Timberwolves,MIN,W,NW,47,35,0.573,2.23,114.24,111.86,2.38,2.35,114.41,111.91,2.5,2017/18,93.4,2.0,157.10000000000002,6.0,252.7,14.0
103,Denver Nuggets,DEN,W,NW,46,36,0.561,1.48,113.02,111.4,1.62,1.57,113.21,111.5,1.71,2017/18,84.1,13.0,158.0,5.0,248.4,16.0
104,Miami Heat,MIA,E,SE,44,38,0.537,0.48,107.63,107.12,0.51,0.15,107.47,107.28,0.18,2017/18,71.5,25.0,151.1,10.0,218.1,28.0
105,Milwaukee Bucks,MIL,E,C,44,38,0.537,-0.3,110.67,110.98,-0.31,-0.45,110.7,111.16,-0.46,2017/18,88.9,7.0,147.70000000000002,15.0,307.5,4.0
106,Washington Wizards,WAS,E,SE,43,39,0.524,0.59,109.96,109.41,0.55,0.53,110.0,109.49,0.5,2017/18,76.5,19.0,149.2,13.0,210.5,30.0
107,Los Angeles Clippers,LAC,W,P,42,40,0.512,0.04,110.97,111.02,-0.05,0.15,111.06,111.0,0.07,2017/18,87.5,9.0,156.89999999999998,7.0,312.09999999999997,3.0
108,Detroit Pistons,DET,E,C,39,43,0.476,-0.15,107.95,108.14,-0.19,-0.26,107.84,108.14,-0.3,2017/18,74.8,21.0,141.39999999999998,24.0,249.8,15.0
109,Charlotte Hornets,CHO,E,SE,36,46,0.439,0.26,109.95,109.72,0.23,0.07,109.93,109.89,0.04,2017/18,86.4,11.0,143.4,21.0,236.7,21.0
110,Los Angeles Lakers,LAL,W,P,35,47,0.427,-1.55,107.1,108.64,-1.54,-1.43,106.96,108.39,-1.43,2017/18,73.6,22.0,147.5,16.0,271.7,7.0
111,New York Knicks,NYK,E,A,29,53,0.354,-3.56,107.72,111.36,-3.65,-3.53,107.77,111.38,-3.61,2017/18,76.2,20.0,144.3,19.0,230.6,23.0
112,Brooklyn Nets,BRK,E,A,28,54,0.341,-3.74,107.71,111.51,-3.8,-3.67,107.83,111.55,-3.72,2017/18,72.7,24.0,143.10000000000002,22.0,262.20000000000005,10.0
113,Chicago Bulls,CHI,E,C,27,55,0.3289999999999999,-7.04,104.39,111.61,-7.22,-6.84,104.46,111.47,-7.01,2017/18,67.5,28.0,131.6,28.0,225.5,26.0
114,Sacramento Kings,SAC,W,P,27,55,0.3289999999999999,-6.99,104.47,111.9,-7.43,-6.59,104.6,111.62,-7.02,2017/18,68.6,26.0,140.89999999999998,26.0,227.1,24.0
115,Orlando Magic,ORL,E,SE,25,57,0.305,-4.82,105.83,110.85,-5.02,-4.92,105.77,110.88,-5.11,2017/18,79.8,17.0,146.8,17.0,233.7,22.0
116,Dallas Mavericks,DAL,W,SW,24,58,0.293,-3.04,106.92,110.0,-3.08,-2.7,106.96,109.7,-2.74,2017/18,68.1,27.0,149.39999999999998,12.0,254.1,12.0
117,Atlanta Hawks,ATL,E,SE,24,58,0.293,-5.45,105.74,111.21,-5.47,-5.3,105.81,111.12,-5.31,2017/18,78.7,18.0,143.8,20.0,242.5,19.0
118,Memphis Grizzlies,MEM,W,SW,22,60,0.268,-6.21,105.29,111.85,-6.57,-5.81,105.44,111.59,-6.15,2017/18,72.8,23.0,134.1,27.0,332.6,2.0
119,Phoenix Suns,PHO,W,P,21,61,0.256,-9.37,104.25,113.51,-9.26,-8.8,104.5,113.19,-8.69,2017/18,64.7,29.0,128.0,29.0,281.4,6.0
120,Golden State Warriors,GSW,W,P,67,15,0.8170000000000001,11.63,116.26,104.57,11.69,11.35,116.02,104.61,11.41,2016/17,100.4,1.0,164.9,1.0,248.10000000000002,7.0
121,San Antonio Spurs,SAS,W,SW,61,21,0.7440000000000001,7.2,111.81,104.25,7.56,7.13,111.62,104.12,7.49,2016/17,91.7,4.0,163.0,2.0,223.9,14.0
122,Houston Rockets,HOU,W,SW,55,27,0.6709999999999999,5.77,115.59,109.96,5.63,5.84,115.7,109.98,5.72,2016/17,79.5,19.0,159.6,3.0,232.1,12.0
123,Boston Celtics,BOS,E,A,53,29,0.6459999999999999,2.63,111.88,109.16,2.72,2.25,111.81,109.49,2.33,2016/17,85.5,9.0,146.3,16.0,221.8,15.0
124,Los Angeles Clippers,LAC,W,P,51,31,0.622,4.29,113.38,108.88,4.5,4.42,113.46,108.82,4.64,2016/17,82.60000000000001,14.0,155.8,8.0,202.20000000000002,26.0
125,Utah Jazz,UTA,W,NW,51,31,0.622,3.94,110.46,106.19,4.27,4.0,110.31,105.98,4.33,2016/17,83.1,12.0,146.6,14.0,217.3,17.0
126,Toronto Raptors,TOR,E,A,51,31,0.622,4.21,113.2,108.68,4.51,3.65,113.07,109.14,3.93,2016/17,92.1,3.0,158.8,4.0,241.3,9.0
127,Cleveland Cavaliers,CLE,E,C,51,31,0.622,3.18,114.25,110.99,3.27,2.88,114.33,111.38,2.95,2016/17,95.4,2.0,148.10000000000002,11.0,230.5,13.0
128,Washington Wizards,WAS,E,SE,49,33,0.598,1.8,111.98,110.06,1.92,1.36,111.96,110.49,1.46,2016/17,89.7,5.0,146.4,15.0,216.9,18.0
129,Oklahoma City Thunder,OKC,W,NW,47,35,0.573,0.76,108.95,108.17,0.78,1.15,108.94,107.75,1.18,2016/17,77.2,23.0,139.9,23.0,235.5,11.0
130,Memphis Grizzlies,MEM,W,SW,43,39,0.524,0.49,108.59,107.89,0.7,0.96,108.71,107.55,1.17,2016/17,82.0,15.0,137.9,26.0,206.8,23.0
131,Atlanta Hawks,ATL,E,SE,43,39,0.524,-0.85,105.55,106.54,-0.99,-1.23,105.32,106.69,-1.37,2016/17,81.4,16.0,135.8,28.0,212.9,21.0
132,Milwaukee Bucks,MIL,E,C,42,40,0.512,-0.18,109.92,110.16,-0.23,-0.44,109.96,110.46,-0.5,2016/17,81.2,17.0,151.3,9.0,212.10000000000002,22.0
133,Indiana Pacers,IND,E,C,42,40,0.512,-0.22,109.33,109.49,-0.16,-0.64,109.21,109.81,-0.6,2016/17,82.7,13.0,148.0,12.0,204.1,24.0
134,Miami Heat,MIA,E,SE,41,41,0.5,1.06,108.73,107.65,1.09,0.78,108.62,107.84,0.79,2016/17,84.4,10.0,147.60000000000002,13.0,192.0,30.0
135,Chicago Bulls,CHI,E,C,41,41,0.5,0.43,108.04,107.72,0.32,0.03,107.91,107.98,-0.08,2016/17,86.1,8.0,156.2,7.0,216.79999999999998,19.0
136,Portland Trail Blazers,POR,W,NW,41,41,0.5,-0.52,110.93,111.46,-0.53,-0.23,111.09,111.31,-0.22,2016/17,80.0,18.0,141.5,21.0,203.1,25.0
137,Denver Nuggets,DEN,W,NW,40,42,0.488,0.51,113.9,113.43,0.47,0.7,114.06,113.39,0.67,2016/17,86.6,7.0,158.6,5.0,289.29999999999995,2.0
138,Detroit Pistons,DET,E,C,37,45,0.451,-1.12,106.53,107.9,-1.37,-1.29,106.39,107.93,-1.54,2016/17,77.7,21.0,143.3,19.0,195.9,29.0
139,Charlotte Hornets,CHO,E,SE,36,46,0.439,0.2,109.57,109.31,0.25,-0.06,109.53,109.55,-0.02,2016/17,78.1,20.0,151.0,10.0,236.0,10.0
140,New Orleans Pelicans,NOP,W,SW,34,48,0.415,-2.1,105.81,108.01,-2.2,-1.69,105.79,107.57,-1.78,2016/17,74.9,26.0,137.5,27.0,333.70000000000005,1.0
141,Dallas Mavericks,DAL,W,SW,33,49,0.402,-2.93,106.28,109.36,-3.08,-2.52,106.31,108.96,-2.65,2016/17,68.4,28.0,143.70000000000002,18.0,263.6,4.0
142,Sacramento Kings,SAC,W,P,32,50,0.39,-3.88,107.98,112.18,-4.21,-3.29,108.12,111.72,-3.59,2016/17,77.3,22.0,138.5,24.0,259.1,6.0
143,Minnesota Timberwolves,MIN,W,NW,31,51,0.3779999999999999,-1.11,111.54,112.74,-1.2,-0.63,111.75,112.46,-0.71,2016/17,88.0,6.0,142.4,20.0,198.2,28.0
144,New York Knicks,NYK,E,A,31,51,0.3779999999999999,-3.67,108.57,112.35,-3.77,-3.87,108.62,112.6,-3.98,2016/17,77.19999999999999,24.0,157.0,6.0,216.0,20.0
145,Orlando Magic,ORL,E,SE,29,53,0.354,-6.57,104.23,111.11,-6.88,-6.61,104.3,111.21,-6.92,2016/17,76.9,25.0,132.4,29.0,198.4,27.0
146,Philadelphia 76ers,PHI,E,A,28,54,0.341,-5.7,103.96,109.81,-5.85,-5.83,103.92,109.91,-5.99,2016/17,59.5,30.0,127.9,30.0,281.20000000000005,3.0
147,Los Angeles Lakers,LAL,W,P,26,56,0.317,-6.88,106.69,113.72,-7.02,-6.29,106.96,113.38,-6.42,2016/17,67.4,29.0,144.4,17.0,243.2,8.0
148,Phoenix Suns,PHO,W,P,24,58,0.293,-5.63,107.32,112.79,-5.47,-5.14,107.43,112.41,-4.98,2016/17,73.6,27.0,141.2,22.0,219.0,16.0
149,Brooklyn Nets,BRK,E,A,20,62,0.244,-6.73,104.61,111.34,-6.73,-6.74,104.63,111.37,-6.74,2016/17,83.5,11.0,138.4,25.0,262.8,5.0
150,Golden State Warriors,GSW,W,P,73,9,0.89,10.76,115.18,104.32,10.86,10.38,115.01,104.53,10.49,2015/16,93.9,2.0,162.5,3.0,250.5,7.0
151,San Antonio Spurs,SAS,W,SW,67,15,0.8170000000000001,10.63,111.04,99.55,11.49,10.28,110.59,99.49,11.1,2015/16,89.69999999999999,3.0,168.89999999999998,1.0,269.3,4.0
152,Cleveland Cavaliers,CLE,E,C,57,25,0.695,5.99,111.8,105.32,6.48,5.44,111.75,105.85,5.9,2015/16,86.1,6.0,162.7,2.0,235.1,13.0
153,Toronto Raptors,TOR,E,A,56,26,0.6829999999999999,4.5,111.11,106.16,4.95,4.08,111.18,106.68,4.5,2015/16,81.5,15.0,153.9,5.0,218.0,21.0
154,Oklahoma City Thunder,OKC,W,NW,55,27,0.6709999999999999,7.28,113.76,106.22,7.54,7.09,113.64,106.29,7.35,2015/16,94.6,1.0,153.79999999999998,6.0,223.39999999999998,18.0
155,Los Angeles Clippers,LAC,W,P,53,29,0.6459999999999999,4.28,109.04,104.57,4.47,4.13,108.69,104.39,4.31,2015/16,89.3,4.0,148.2,13.0,241.7,10.0
156,Atlanta Hawks,ATL,E,SE,48,34,0.585,3.61,105.75,102.0,3.75,3.49,105.74,102.12,3.62,2015/16,81.69999999999999,14.0,149.0,11.0,223.29999999999998,19.0
157,Boston Celtics,BOS,E,A,48,34,0.585,3.21,107.3,104.1,3.2,2.84,107.24,104.43,2.81,2015/16,80.8,16.0,150.1,8.0,221.1,20.0
158,Charlotte Hornets,CHO,E,SE,48,34,0.585,2.72,107.72,105.01,2.71,2.36,107.67,105.33,2.34,2015/16,83.10000000000001,11.0,149.5,10.0,242.3,9.0
159,Miami Heat,MIA,E,SE,48,34,0.585,1.65,107.01,105.34,1.67,1.5,107.08,105.56,1.52,2015/16,84.9,9.0,155.60000000000002,4.0,291.40000000000003,2.0
160,Indiana Pacers,IND,E,C,45,37,0.5489999999999999,1.71,105.28,103.51,1.77,1.62,105.26,103.58,1.68,2015/16,76.8,21.0,147.39999999999998,14.0,232.89999999999998,16.0
161,Portland Trail Blazers,POR,W,NW,44,38,0.537,0.83,109.55,108.67,0.88,0.98,109.48,108.45,1.03,2015/16,82.0,13.0,146.8,15.0,189.8,29.0
162,Detroit Pistons,DET,E,C,44,38,0.537,0.61,106.78,106.19,0.59,0.43,106.88,106.48,0.4,2015/16,74.6,22.0,144.7,21.0,223.89999999999998,17.0
163,Dallas Mavericks,DAL,W,SW,42,40,0.512,-0.3,107.29,107.48,-0.19,-0.02,107.24,107.13,0.11,2015/16,72.6,25.0,146.0,17.0,238.8,11.0
164,Chicago Bulls,CHI,E,C,42,40,0.512,-1.48,105.85,107.28,-1.43,-1.46,106.02,107.44,-1.42,2015/16,83.0,12.0,142.0,24.0,208.7,25.0
165,Memphis Grizzlies,MEM,W,SW,42,40,0.512,-2.24,106.36,108.69,-2.33,-2.13,106.23,108.45,-2.22,2015/16,80.0,17.0,150.4,7.0,393.3,1.0
166,Houston Rockets,HOU,W,SW,41,41,0.5,0.2,109.23,109.1,0.13,0.34,109.26,108.96,0.3,2015/16,80.0,17.0,145.5,19.0,237.0,12.0
167,Washington Wizards,WAS,E,SE,41,41,0.5,-0.5,106.09,106.48,-0.39,-0.49,106.23,106.62,-0.39,2015/16,74.3,23.0,150.0,9.0,244.7,8.0
168,Utah Jazz,UTA,W,NW,40,42,0.488,1.8,106.83,104.78,2.04,1.86,106.57,104.48,2.09,2015/16,85.9,7.0,145.2,20.0,211.4,24.0
169,Orlando Magic,ORL,E,SE,35,47,0.427,-1.62,105.73,107.47,-1.74,-1.68,105.89,107.7,-1.8,2015/16,83.30000000000001,10.0,148.9,12.0,213.5,22.0
170,Sacramento Kings,SAC,W,P,33,49,0.402,-2.48,106.57,109.07,-2.5,-2.31,106.44,108.77,-2.33,2015/16,85.8,8.0,148.9,12.0,191.6,28.0
171,Denver Nuggets,DEN,W,NW,33,49,0.402,-3.1,106.22,109.47,-3.25,-2.81,106.24,109.17,-2.94,2015/16,79.1,18.0,145.6,18.0,233.2,15.0
172,Milwaukee Bucks,MIL,E,C,33,49,0.402,-4.18,105.06,109.65,-4.59,-3.98,105.32,109.69,-4.37,2015/16,86.1,6.0,146.39999999999998,16.0,196.5,26.0
173,New York Knicks,NYK,E,A,32,50,0.39,-2.73,105.41,108.43,-3.03,-2.73,105.55,108.58,-3.02,2015/16,78.2,20.0,140.4,25.0,257.9,5.0
174,New Orleans Pelicans,NOP,W,SW,30,52,0.366,-3.79,106.27,110.17,-3.89,-3.55,106.32,109.96,-3.63,2015/16,78.9,19.0,142.7,23.0,252.60000000000002,6.0
175,Minnesota Timberwolves,MIN,W,NW,29,53,0.354,-3.54,107.17,111.02,-3.86,-3.38,107.17,110.86,-3.68,2015/16,88.0,5.0,143.8,22.0,195.3,27.0
176,Phoenix Suns,PHO,W,P,23,59,0.28,-6.66,102.94,109.8,-6.86,-6.32,102.95,109.45,-6.5,2015/16,66.0,27.0,133.3,29.0,270.8,3.0
177,Brooklyn Nets,BRK,E,A,21,61,0.256,-7.35,103.74,111.6,-7.86,-7.11,104.06,111.66,-7.61,2015/16,73.9,24.0,138.2,26.0,234.7,14.0
178,Los Angeles Lakers,LAL,W,P,17,65,0.207,-9.56,102.29,112.4,-10.12,-8.92,102.49,111.92,-9.43,2015/16,70.3,26.0,135.5,27.0,181.7,30.0
179,Philadelphia 76ers,PHI,E,A,10,72,0.122,-10.23,99.65,110.15,-10.5,-9.92,99.83,110.01,-10.18,2015/16,62.3,28.0,133.39999999999998,28.0,212.39999999999998,23.0
180,Golden State Warriors,GSW,W,P,67,15,0.8170000000000001,10.1,112.18,101.86,10.32,10.01,111.9,101.67,10.23,2014/15,90.9,5.0,172.20000000000002,1.0,231.9,19.0
181,Atlanta Hawks,ATL,E,SE,60,22,0.732,5.43,110.0,103.98,6.02,4.75,109.85,104.56,5.29,2014/15,92.7,3.0,156.5,10.0,228.0,22.0
182,Los Angeles Clippers,LAC,W,P,56,26,0.6829999999999999,6.59,113.21,106.22,6.98,6.8,113.35,106.14,7.21,2014/15,97.3,1.0,155.6,12.0,241.6,14.0
183,Houston Rockets,HOU,W,SW,56,26,0.6829999999999999,3.44,107.87,104.26,3.61,3.82,107.86,103.85,4.01,2014/15,76.5,24.0,154.3,13.0,235.8,17.0
184,San Antonio Spurs,SAS,W,SW,55,27,0.6709999999999999,6.2,109.25,102.61,6.64,6.34,109.09,102.3,6.79,2014/15,89.7,6.0,168.60000000000002,2.0,241.8,13.0
185,Memphis Grizzlies,MEM,W,SW,55,27,0.6709999999999999,3.24,106.44,102.9,3.55,3.62,106.35,102.41,3.94,2014/15,85.9,9.0,151.60000000000002,17.0,281.8,4.0
186,Cleveland Cavaliers,CLE,E,C,53,29,0.6459999999999999,4.48,111.93,107.13,4.8,4.08,111.97,107.58,4.39,2014/15,96.3,2.0,157.8,7.0,236.39999999999998,16.0
187,Portland Trail Blazers,POR,W,NW,51,31,0.622,4.23,108.81,104.3,4.5,4.41,108.72,104.03,4.69,2014/15,88.9,7.0,151.8,16.0,238.0,15.0
188,Dallas Mavericks,DAL,W,SW,50,32,0.61,2.9,110.3,107.14,3.16,3.36,110.51,106.87,3.64,2014/15,86.9,8.0,157.5,8.0,257.2,7.0
189,Chicago Bulls,CHI,E,C,50,32,0.61,3.0,108.48,105.11,3.37,2.54,108.42,105.53,2.88,2014/15,85.3,10.0,152.2,14.0,179.4,30.0
190,Toronto Raptors,TOR,E,A,49,33,0.598,3.07,112.06,108.69,3.37,2.45,112.07,109.35,2.72,2014/15,83.1,12.0,162.2,5.0,194.6,28.0
191,Washington Wizards,WAS,E,SE,46,36,0.561,0.72,104.56,103.73,0.83,0.17,104.38,104.13,0.25,2014/15,81.6,16.0,144.39999999999998,25.0,202.7,27.0
192,Oklahoma City Thunder,OKC,W,NW,45,37,0.5489999999999999,2.18,108.41,106.18,2.24,2.47,108.42,105.89,2.54,2014/15,84.7,11.0,155.60000000000002,11.0,252.2,10.0
193,New Orleans Pelicans,NOP,W,SW,45,37,0.5489999999999999,0.79,108.95,108.15,0.8,1.13,109.04,107.88,1.16,2014/15,92.3,4.0,162.1,6.0,216.39999999999998,25.0
194,Milwaukee Bucks,MIL,E,C,41,41,0.5,0.43,103.57,103.18,0.38,-0.09,103.33,103.49,-0.16,2014/15,82.9,14.0,167.0,4.0,256.2,9.0
195,Boston Celtics,BOS,E,A,40,42,0.488,0.16,105.32,105.17,0.15,-0.4,105.14,105.58,-0.44,2014/15,70.5,27.0,148.4,21.0,330.3,1.0
196,Phoenix Suns,PHO,W,P,39,43,0.476,-0.9,105.93,106.85,-0.92,-0.38,105.97,106.34,-0.37,2014/15,77.1,23.0,156.6,9.0,225.7,24.0
197,Utah Jazz,UTA,W,NW,38,44,0.4629999999999999,0.22,106.19,105.91,0.28,0.71,106.23,105.43,0.79,2014/15,81.9,15.0,144.5,24.0,229.3,20.0
198,Indiana Pacers,IND,E,C,38,44,0.4629999999999999,0.28,104.44,104.04,0.4,-0.22,104.34,104.48,-0.14,2014/15,71.1,26.0,148.7,19.0,229.29999999999998,21.0
199,Brooklyn Nets,BRK,E,A,38,44,0.4629999999999999,-2.88,105.15,108.19,-3.05,-3.13,105.17,108.48,-3.31,2014/15,78.7,18.0,149.9,18.0,235.10000000000002,18.0
200,Miami Heat,MIA,E,SE,37,45,0.451,-2.6,104.86,107.91,-3.05,-2.92,104.99,108.36,-3.37,2014/15,78.3,20.0,152.0,15.0,248.5,11.0
201,Charlotte Hornets,CHO,E,SE,33,49,0.402,-3.17,100.92,104.44,-3.52,-3.44,100.75,104.55,-3.79,2014/15,77.4,21.0,137.10000000000002,29.0,225.8,23.0
202,Detroit Pistons,DET,E,C,32,50,0.39,-1.0,106.22,107.35,-1.14,-1.39,106.23,107.77,-1.54,2014/15,77.19999999999999,22.0,168.0,3.0,260.79999999999995,5.0
203,Denver Nuggets,DEN,W,NW,30,52,0.366,-3.55,105.11,108.68,-3.57,-3.07,105.16,108.22,-3.07,2014/15,78.6,19.0,144.0,26.0,256.5,8.0
204,Sacramento Kings,SAC,W,P,29,53,0.354,-3.71,106.01,109.95,-3.94,-3.07,106.24,109.51,-3.27,2014/15,83.0,13.0,145.1,22.0,299.7,3.0
205,Orlando Magic,ORL,E,SE,25,57,0.305,-5.72,102.26,108.34,-6.07,-5.87,102.3,108.54,-6.23,2014/15,77.4,21.0,137.20000000000002,28.0,182.4,29.0
206,Los Angeles Lakers,LAL,W,P,21,61,0.256,-6.84,104.07,111.44,-7.36,-6.17,104.26,110.9,-6.65,2014/15,79.3,17.0,144.89999999999998,23.0,211.1,26.0
207,Philadelphia 76ers,PHI,E,A,18,64,0.22,-8.98,96.4,105.7,-9.31,-9.04,96.3,105.67,-9.38,2014/15,65.7,29.0,122.30000000000001,30.0,245.8,12.0
208,New York Knicks,NYK,E,A,17,65,0.207,-9.32,100.89,111.01,-10.13,-9.49,101.06,111.36,-10.3,2014/15,68.8,28.0,138.2,27.0,260.2,6.0
209,Minnesota Timberwolves,MIN,W,NW,16,66,0.195,-8.79,103.63,112.98,-9.36,-8.0,103.98,112.5,-8.52,2014/15,74.1,25.0,148.6,20.0,328.7,2.0
210,San Antonio Spurs,SAS,W,SW,62,20,0.7559999999999999,7.72,111.09,102.93,8.16,7.99,110.98,102.53,8.45,2013/14,88.69999999999999,5.0,168.89999999999998,3.0,250.29999999999998,5.0
211,Oklahoma City Thunder,OKC,W,NW,59,23,0.72,6.34,111.32,104.6,6.71,6.65,111.29,104.26,7.04,2013/14,88.60000000000001,6.0,152.7,11.0,177.6,28.0
212,Los Angeles Clippers,LAC,W,P,57,25,0.695,6.98,112.89,105.64,7.25,7.27,112.88,105.33,7.56,2013/14,101.5,1.0,158.0,5.0,236.9,11.0
213,Indiana Pacers,IND,E,C,56,26,0.6829999999999999,4.4,104.7,100.05,4.65,3.63,104.25,100.42,3.83,2013/14,79.2,16.0,135.8,28.0,225.20000000000002,14.0
214,Houston Rockets,HOU,W,SW,54,28,0.659,4.56,111.72,107.07,4.65,5.06,111.82,106.65,5.17,2013/14,94.10000000000001,2.0,153.4,8.0,237.2,10.0
215,Miami Heat,MIA,E,SE,54,28,0.659,4.76,112.13,106.75,5.38,4.15,112.15,107.42,4.73,2013/14,83.9,10.0,160.60000000000002,4.0,367.7,1.0
216,Portland Trail Blazers,POR,W,NW,54,28,0.659,3.99,112.03,107.8,4.22,4.43,112.17,107.49,4.68,2013/14,89.6,4.0,147.7,16.0,189.2,25.0
217,Golden State Warriors,GSW,W,P,51,31,0.622,4.8,108.05,103.07,4.98,5.15,107.93,102.59,5.34,2013/14,81.0,14.0,153.1,10.0,213.1,21.0
218,Memphis Grizzlies,MEM,W,SW,50,32,0.61,1.57,107.12,105.47,1.66,2.17,107.18,104.89,2.29,2013/14,77.2,20.0,169.5,1.0,237.3,9.0
219,Dallas Mavericks,DAL,W,SW,49,33,0.598,2.4,111.95,109.24,2.71,2.9,112.16,108.95,3.21,2013/14,85.2,8.0,169.3,2.0,216.4,19.0
220,Phoenix Suns,PHO,W,P,48,34,0.585,2.63,110.26,107.54,2.72,3.02,110.35,107.23,3.12,2013/14,82.8,11.0,153.8,7.0,201.9,23.0
221,Toronto Raptors,TOR,E,A,48,34,0.585,3.24,109.77,106.15,3.62,2.55,109.65,106.76,2.89,2013/14,82.0,13.0,148.89999999999998,14.0,231.39999999999998,12.0
222,Chicago Bulls,CHI,E,C,48,34,0.585,1.85,103.49,101.4,2.09,1.19,103.12,101.72,1.4,2013/14,76.5,21.0,139.2,25.0,175.4,29.0
223,Washington Wizards,WAS,E,SE,44,38,0.537,1.27,106.75,105.45,1.3,0.47,106.46,105.99,0.47,2013/14,78.7,17.0,140.3,23.0,212.20000000000002,22.0
224,Brooklyn Nets,BRK,E,A,44,38,0.537,-1.0,107.42,108.63,-1.21,-1.58,107.36,109.16,-1.8,2013/14,73.9,23.0,151.7,12.0,239.5,7.0
225,Charlotte Bobcats,CHA,E,SE,43,39,0.524,-0.22,104.31,104.61,-0.29,-0.89,104.04,105.03,-0.99,2013/14,78.4,18.0,142.60000000000002,20.0,173.1,30.0
226,Minnesota Timberwolves,MIN,W,NW,40,42,0.488,2.67,109.41,106.7,2.7,3.1,109.4,106.25,3.15,2013/14,92.0,3.0,149.9,13.0,215.7,20.0
227,Atlanta Hawks,ATL,E,SE,38,44,0.4629999999999999,-0.48,106.71,107.26,-0.56,-0.88,106.74,107.71,-0.97,2013/14,77.5,19.0,154.7,6.0,217.3,18.0
228,New York Knicks,NYK,E,A,37,45,0.451,-0.79,109.27,109.97,-0.7,-1.4,109.25,110.58,-1.33,2013/14,73.6,24.0,148.5,15.0,237.7,8.0
229,Denver Nuggets,DEN,W,NW,36,46,0.439,-2.15,106.59,108.79,-2.2,-1.4,106.75,108.17,-1.43,2013/14,80.7,15.0,145.60000000000002,18.0,217.7,17.0
230,New Orleans Pelicans,NOP,W,SW,34,48,0.415,-2.71,107.98,110.9,-2.92,-1.98,108.18,110.35,-2.16,2013/14,86.4,7.0,153.3,9.0,261.6,3.0
231,Cleveland Cavaliers,CLE,E,C,33,49,0.402,-3.29,104.95,108.52,-3.56,-3.86,104.92,109.07,-4.16,2013/14,77.5,19.0,142.2,21.0,222.5,15.0
232,Detroit Pistons,DET,E,C,29,53,0.354,-3.66,106.6,110.51,-3.92,-4.14,106.66,111.07,-4.41,2013/14,82.2,12.0,146.8,17.0,196.6,24.0
233,Sacramento Kings,SAC,W,P,28,54,0.341,-2.9,106.22,109.46,-3.24,-2.08,106.39,108.77,-2.37,2013/14,85.0,9.0,136.3,27.0,248.0,6.0
234,Los Angeles Lakers,LAL,W,P,27,55,0.3289999999999999,-6.29,104.89,111.01,-6.13,-5.33,105.23,110.38,-5.15,2013/14,73.6,24.0,144.89999999999998,19.0,254.7,4.0
235,Boston Celtics,BOS,E,A,25,57,0.305,-4.46,103.82,108.63,-4.81,-4.98,103.69,109.03,-5.34,2013/14,67.19999999999999,28.0,137.6,26.0,222.2,16.0
236,Utah Jazz,UTA,W,NW,25,57,0.305,-7.17,104.15,112.0,-7.85,-6.27,104.43,111.32,-6.89,2013/14,75.4,22.0,133.5,29.0,183.3,27.0
237,Orlando Magic,ORL,E,SE,23,59,0.28,-5.44,102.14,108.1,-5.96,-5.88,102.06,108.48,-6.41,2013/14,71.8,25.0,141.8,22.0,189.1,26.0
238,Philadelphia 76ers,PHI,E,A,19,63,0.2319999999999999,-10.45,100.09,110.53,-10.44,-10.66,100.11,110.79,-10.68,2013/14,69.1,27.0,131.89999999999998,30.0,227.7,13.0
239,Milwaukee Bucks,MIL,E,C,15,67,0.183,-8.18,103.67,112.67,-9.0,-8.41,103.88,113.1,-9.23,2013/14,71.5,26.0,139.8,24.0,278.9,2.0
240,Miami Heat,MIA,E,SE,66,16,0.805,7.87,113.43,104.77,8.67,7.03,113.28,105.53,7.75,2012/13,103.6,1.0,156.7,5.0,231.1,11.0
241,Oklahoma City Thunder,OKC,W,NW,60,22,0.732,9.21,113.3,103.35,9.95,9.15,113.21,103.33,9.89,2012/13,100.4,2.0,155.5,6.0,214.0,19.0
242,San Antonio Spurs,SAS,W,SW,58,24,0.7070000000000001,6.4,109.11,102.26,6.85,6.67,109.05,101.9,7.14,2012/13,96.6,4.0,158.1,3.0,233.89999999999998,7.0
243,Denver Nuggets,DEN,W,NW,57,25,0.695,5.09,111.23,105.97,5.26,5.37,111.34,105.76,5.58,2012/13,84.0,10.0,167.0,1.0,229.1,12.0
244,Los Angeles Clippers,LAC,W,P,56,26,0.6829999999999999,6.45,111.62,104.47,7.16,6.43,111.58,104.44,7.13,2012/13,98.3,3.0,160.3,2.0,215.2,18.0
245,Memphis Grizzlies,MEM,W,SW,56,26,0.6829999999999999,4.15,105.95,101.22,4.74,4.33,105.72,100.79,4.93,2012/13,82.4,16.0,139.3,25.0,234.1,6.0
246,New York Knicks,NYK,E,A,54,28,0.659,4.23,111.83,106.92,4.91,3.73,111.88,107.53,4.35,2012/13,90.0,5.0,153.0,9.0,247.1,2.0
247,Indiana Pacers,IND,E,C,49,32,0.605,4.02,104.87,100.54,4.33,3.34,104.48,100.89,3.59,2012/13,82.60000000000001,15.0,136.9,28.0,176.8,27.0
248,Brooklyn Nets,BRK,E,A,49,33,0.598,1.78,109.1,107.14,1.96,1.25,109.1,107.71,1.39,2012/13,83.5,11.0,153.1,8.0,199.3,22.0
249,Golden State Warriors,GSW,W,P,47,35,0.573,0.89,107.1,106.04,1.06,1.32,107.13,105.61,1.52,2012/13,80.1,19.0,138.1,26.0,190.8,24.0
250,Houston Rockets,HOU,W,SW,45,37,0.5489999999999999,3.48,110.42,106.67,3.75,3.69,110.51,106.52,3.99,2012/13,81.4,17.0,152.8,10.0,242.10000000000002,4.0
251,Los Angeles Lakers,LAL,W,P,45,37,0.5489999999999999,1.16,108.49,107.23,1.27,1.48,108.48,106.86,1.62,2012/13,83.0,12.0,146.4,13.0,169.6,29.0
252,Chicago Bulls,CHI,E,C,45,37,0.5489999999999999,0.32,104.23,103.87,0.36,-0.01,104.09,104.1,0.0,2012/13,82.9,13.0,139.9,23.0,172.9,28.0
253,Atlanta Hawks,ATL,E,SE,44,38,0.537,0.4,105.5,105.14,0.37,-0.07,105.39,105.54,-0.15,2012/13,82.8,14.0,144.0,18.0,232.5,8.0
254,Utah Jazz,UTA,W,NW,43,39,0.524,-0.09,107.42,107.5,-0.08,0.3,107.49,107.15,0.34,2012/13,86.7,7.0,149.6,12.0,190.3,25.0
255,Boston Celtics,BOS,E,A,41,40,0.506,-0.22,104.07,104.4,-0.32,-0.62,103.77,104.51,-0.75,2012/13,78.4,22.0,145.8,16.0,201.5,21.0
256,Dallas Mavericks,DAL,W,SW,41,41,0.5,-0.6,106.66,107.14,-0.48,-0.24,106.74,106.82,-0.09,2012/13,85.80000000000001,9.0,158.0,4.0,248.20000000000002,1.0
257,Milwaukee Bucks,MIL,E,C,38,44,0.4629999999999999,-1.5,104.28,106.02,-1.74,-1.82,104.2,106.29,-2.09,2012/13,82.9,13.0,143.3,19.0,231.20000000000002,10.0
258,Toronto Raptors,TOR,E,A,34,48,0.415,-1.48,106.58,107.98,-1.4,-1.95,106.51,108.45,-1.93,2012/13,77.7,23.0,153.3,7.0,234.60000000000002,5.0
259,Philadelphia 76ers,PHI,E,A,34,48,0.415,-3.34,102.69,106.37,-3.68,-3.51,102.59,106.45,-3.86,2012/13,79.0,20.0,137.0,27.0,182.5,26.0
260,Portland Trail Blazers,POR,W,NW,33,49,0.402,-3.17,106.21,109.77,-3.56,-2.52,106.45,109.3,-2.85,2012/13,86.3,8.0,134.5,30.0,166.3,30.0
261,Minnesota Timberwolves,MIN,W,NW,31,51,0.3779999999999999,-2.37,103.61,106.23,-2.63,-1.83,103.66,105.7,-2.04,2012/13,78.6,21.0,142.2,20.0,221.0,14.0
262,Washington Wizards,WAS,E,SE,29,53,0.354,-2.54,100.78,103.61,-2.82,-2.78,100.56,103.64,-3.09,2012/13,70.60000000000001,27.0,141.3,21.0,208.10000000000002,20.0
263,Detroit Pistons,DET,E,C,29,53,0.354,-3.99,104.57,109.03,-4.46,-4.32,104.56,109.37,-4.82,2012/13,65.8,29.0,146.2,14.0,218.60000000000002,17.0
264,Sacramento Kings,SAC,W,P,28,54,0.341,-4.88,106.85,112.16,-5.3,-4.25,107.21,111.83,-4.62,2012/13,80.6,18.0,144.5,17.0,226.7,13.0
265,New Orleans Hornets,NOH,W,SW,27,55,0.3289999999999999,-3.87,106.63,110.97,-4.34,-3.11,107.03,110.54,-3.51,2012/13,88.7,6.0,151.4,11.0,244.10000000000002,3.0
266,Phoenix Suns,PHO,W,P,25,57,0.305,-6.46,102.0,108.82,-6.82,-5.75,102.2,108.24,-6.04,2012/13,76.1,25.0,139.6,24.0,192.7,23.0
267,Cleveland Cavaliers,CLE,E,C,24,58,0.293,-4.68,105.09,110.16,-5.07,-4.87,105.24,110.52,-5.28,2012/13,72.7,26.0,145.9,15.0,231.4,9.0
268,Charlotte Bobcats,CHA,E,SE,21,61,0.256,-9.23,102.34,112.51,-10.17,-9.29,102.59,112.82,-10.23,2012/13,77.0,24.0,135.8,29.0,219.5,16.0
269,Orlando Magic,ORL,E,SE,20,62,0.244,-6.99,102.09,109.79,-7.7,-7.12,102.05,109.89,-7.84,2012/13,68.4,28.0,140.0,22.0,220.0,15.0
270,Chicago Bulls,CHI,E,C,50,16,0.758,8.18,108.22,98.89,9.33,7.43,108.21,99.72,8.49,2011/12,79.3,19.0,162.2,3.0,215.1,15.0
271,San Antonio Spurs,SAS,W,SW,50,16,0.758,7.17,111.45,103.83,7.62,7.28,111.35,103.6,7.75,2011/12,94.2,3.0,177.10000000000002,1.0,285.8,1.0
272,Oklahoma City Thunder,OKC,W,NW,47,19,0.7120000000000001,6.12,110.33,103.77,6.56,6.44,110.3,103.37,6.93,2011/12,97.9,2.0,149.2,12.0,207.3,20.0
273,Miami Heat,MIA,E,SE,46,20,0.6970000000000001,5.98,107.66,101.1,6.56,5.72,107.97,101.71,6.26,2011/12,99.8,1.0,148.8,13.0,187.5,24.0
274,Indiana Pacers,IND,E,C,42,24,0.636,3.3,107.63,103.94,3.69,2.59,107.68,104.77,2.91,2011/12,85.80000000000001,11.0,149.5,10.0,224.20000000000002,10.0
275,Memphis Grizzlies,MEM,W,SW,41,25,0.621,2.02,104.81,102.57,2.24,2.43,104.59,101.89,2.7,2011/12,83.4,14.0,144.10000000000002,19.0,181.3,28.0
276,Los Angeles Lakers,LAL,W,P,41,25,0.621,1.42,106.62,105.07,1.55,1.96,106.6,104.45,2.15,2011/12,91.69999999999999,6.0,146.2,16.0,217.5,12.0
277,Los Angeles Clippers,LAC,W,P,40,26,0.606,2.56,109.49,106.69,2.8,2.82,109.26,106.18,3.09,2011/12,92.0,5.0,152.1,8.0,217.0,14.0
278,Atlanta Hawks,ATL,E,SE,40,26,0.606,3.44,105.74,102.04,3.7,2.67,105.57,102.72,2.85,2011/12,85.1,13.0,147.8,15.0,212.7,17.0
279,Boston Celtics,BOS,E,A,39,27,0.591,2.52,102.12,99.34,2.78,2.26,102.19,99.69,2.5,2011/12,86.4,9.0,136.10000000000002,27.0,208.90000000000003,18.0
280,Denver Nuggets,DEN,W,NW,38,28,0.5760000000000001,2.88,109.95,106.97,2.99,3.16,109.94,106.63,3.31,2011/12,80.7,17.0,163.60000000000002,2.0,277.3,2.0
281,Orlando Magic,ORL,E,SE,37,29,0.561,0.79,105.65,104.87,0.78,0.46,105.77,105.36,0.41,2011/12,86.8,8.0,138.5,25.0,181.5,27.0
282,New York Knicks,NYK,E,A,36,30,0.545,3.2,105.51,101.86,3.64,2.39,105.45,102.7,2.75,2011/12,80.3,18.0,149.3,11.0,217.3,13.0
283,Dallas Mavericks,DAL,W,SW,36,30,0.545,0.95,104.08,103.01,1.07,1.78,104.04,102.07,1.97,2011/12,79.1,20.0,145.3,18.0,207.8,19.0
284,Utah Jazz,UTA,W,NW,36,30,0.545,0.62,107.51,106.91,0.6,0.92,107.34,106.4,0.94,2011/12,93.2,4.0,154.1,6.0,195.7,23.0
285,Philadelphia 76ers,PHI,E,A,35,31,0.53,4.24,104.7,100.0,4.7,3.59,104.42,100.45,3.97,2011/12,81.8,16.0,158.6,5.0,186.6,25.0
286,Houston Rockets,HOU,W,SW,34,32,0.515,0.23,106.42,106.11,0.31,0.57,106.27,105.58,0.69,2011/12,78.1,22.0,153.0,7.0,250.10000000000002,8.0
287,Phoenix Suns,PHO,W,P,33,33,0.5,-0.24,106.96,107.1,-0.13,0.29,106.96,106.52,0.45,2011/12,85.4,12.0,160.5,4.0,184.7,26.0
288,Milwaukee Bucks,MIL,E,C,31,35,0.47,0.27,106.07,105.73,0.34,-0.23,106.13,106.34,-0.21,2011/12,86.0,10.0,148.3,14.0,223.6,11.0
289,Portland Trail Blazers,POR,W,NW,28,38,0.424,-0.62,106.56,107.24,-0.69,-0.21,106.4,106.64,-0.24,2011/12,83.2,15.0,150.7,9.0,256.4,6.0
290,Minnesota Timberwolves,MIN,W,NW,26,40,0.3939999999999999,-2.2,104.85,107.0,-2.15,-1.83,104.65,106.4,-1.75,2011/12,74.5,25.0,143.2,20.0,198.10000000000002,22.0
291,Detroit Pistons,DET,E,C,25,41,0.379,-4.79,102.13,107.48,-5.35,-5.18,102.33,108.11,-5.78,2011/12,78.3,21.0,128.2,28.0,179.79999999999998,29.0
292,Golden State Warriors,GSW,W,P,23,43,0.348,-3.41,105.97,109.66,-3.69,-2.79,106.0,109.01,-3.01,2011/12,83.4,14.0,145.9,17.0,263.0,4.0
293,Toronto Raptors,TOR,E,A,23,43,0.348,-3.3,101.57,105.32,-3.74,-3.67,101.68,105.83,-4.14,2011/12,72.6,26.0,141.5,22.0,214.5,16.0
294,Sacramento Kings,SAC,W,P,22,44,0.3329999999999999,-5.68,104.46,110.43,-5.98,-4.95,104.59,109.76,-5.17,2011/12,89.5,7.0,140.7,23.0,203.3,21.0
295,New Jersey Nets,NJN,E,A,22,44,0.3329999999999999,-5.98,103.77,110.52,-6.75,-6.37,103.99,111.17,-7.18,2011/12,76.1,23.0,138.89999999999998,24.0,262.7,5.0
296,New Orleans Hornets,NOH,W,SW,21,45,0.318,-3.76,101.82,105.98,-4.16,-3.11,101.68,105.11,-3.44,2011/12,69.9,28.0,150.7,9.0,269.2,3.0
297,Cleveland Cavaliers,CLE,E,C,21,45,0.318,-7.2,101.86,109.78,-7.92,-7.34,102.06,110.14,-8.08,2011/12,75.2,24.0,141.7,21.0,236.5,9.0
298,Washington Wizards,WAS,E,SE,20,46,0.303,-4.8,101.75,107.03,-5.28,-5.14,101.95,107.61,-5.66,2011/12,70.1,27.0,138.2,26.0,250.60000000000002,7.0
299,Charlotte Bobcats,CHA,E,SE,7,59,0.106,-13.91,95.85,111.26,-15.41,-13.96,96.12,111.59,-15.46,2011/12,67.2,29.0,127.6,29.0,169.2,30.0
300,Chicago Bulls,CHI,E,C,62,20,0.7559999999999999,7.32,109.3,101.07,8.23,6.53,109.02,101.65,7.37,2010/11,85.9,9.0,149.5,12.0,191.0,24.0
301,San Antonio Spurs,SAS,W,SW,61,21,0.7440000000000001,5.71,112.31,106.23,6.07,5.86,112.22,105.97,6.25,2010/11,91.0,3.0,163.5,3.0,220.1,15.0
302,Miami Heat,MIA,E,SE,58,24,0.7070000000000001,7.46,112.62,104.35,8.27,6.76,112.43,104.94,7.49,2010/11,93.7,1.0,144.9,15.0,197.0,23.0
303,Los Angeles Lakers,LAL,W,P,57,25,0.695,6.11,111.61,105.0,6.61,6.01,111.4,104.89,6.51,2010/11,86.7,7.0,148.6,14.0,204.1,22.0
304,Dallas Mavericks,DAL,W,SW,57,25,0.695,4.23,110.24,105.76,4.49,4.41,110.08,105.4,4.68,2010/11,89.1,5.0,149.3,13.0,256.9,5.0
305,Boston Celtics,BOS,E,A,56,26,0.6829999999999999,5.37,107.36,101.46,5.9,4.83,107.03,101.73,5.3,2010/11,86.6,8.0,163.7,2.0,248.89999999999998,7.0
306,Oklahoma City Thunder,OKC,W,NW,55,27,0.6709999999999999,3.79,112.2,108.06,4.14,3.81,112.09,107.93,4.16,2010/11,91.7,2.0,152.4,7.0,211.3,17.0
307,Orlando Magic,ORL,E,SE,52,30,0.634,5.46,108.78,102.87,5.91,4.92,108.63,103.31,5.32,2010/11,84.2,13.0,143.7,17.0,209.2,19.0
308,Denver Nuggets,DEN,W,NW,50,32,0.61,4.76,112.84,108.03,4.82,4.81,112.73,107.84,4.89,2010/11,89.5,4.0,165.2,1.0,279.9,2.0
309,Portland Trail Blazers,POR,W,NW,48,34,0.585,1.52,109.78,107.93,1.85,1.85,109.73,107.54,2.19,2010/11,83.0,16.0,153.1,6.0,190.4,25.0
310,Memphis Grizzlies,MEM,W,SW,46,36,0.561,2.34,108.52,105.98,2.55,2.55,108.42,105.65,2.77,2010/11,85.7,10.0,152.2,8.0,247.3,9.0
311,New Orleans Hornets,NOH,W,SW,46,36,0.561,0.89,107.25,106.19,1.06,1.28,107.18,105.7,1.48,2010/11,83.5,15.0,142.2,20.0,214.3,16.0
312,Atlanta Hawks,ATL,E,SE,44,38,0.537,-0.82,107.01,107.96,-0.95,-1.1,107.03,108.29,-1.26,2010/11,84.0,14.0,140.0,25.0,206.8,20.0
313,Houston Rockets,HOU,W,SW,43,39,0.524,2.18,112.02,109.67,2.35,2.37,112.07,109.51,2.56,2010/11,85.39999999999999,11.0,158.2,5.0,247.39999999999998,8.0
314,New York Knicks,NYK,E,A,42,40,0.512,0.78,111.76,110.92,0.84,0.48,112.0,111.48,0.51,2010/11,84.4,12.0,159.9,4.0,254.10000000000002,6.0
315,Philadelphia 76ers,PHI,E,A,41,41,0.5,1.5,107.62,106.02,1.6,1.01,107.55,106.48,1.07,2010/11,82.1,18.0,150.0,11.0,169.1,28.0
316,Phoenix Suns,PHO,W,P,40,42,0.488,-0.89,110.2,111.15,-0.94,-0.46,110.35,110.83,-0.47,2010/11,82.7,17.0,151.5,9.0,239.0,10.0
317,Utah Jazz,UTA,W,NW,39,43,0.476,-1.83,108.95,111.05,-2.1,-1.44,109.08,110.75,-1.67,2010/11,86.80000000000001,6.0,136.5,26.0,225.3,12.0
318,Indiana Pacers,IND,E,C,37,45,0.451,-1.07,105.53,106.73,-1.2,-1.37,105.54,107.07,-1.53,2010/11,74.5,25.0,141.7,21.0,190.0,26.0
319,Golden State Warriors,GSW,W,P,36,46,0.439,-2.33,108.96,111.39,-2.43,-2.0,109.0,111.08,-2.08,2010/11,85.7,10.0,142.9,19.0,222.10000000000002,13.0
320,Milwaukee Bucks,MIL,E,C,35,47,0.427,-0.84,102.47,103.46,-1.0,-1.01,102.29,103.48,-1.18,2010/11,67.9,29.0,133.60000000000002,29.0,206.8,20.0
321,Charlotte Bobcats,CHA,E,SE,34,48,0.415,-4.0,104.32,108.92,-4.6,-4.08,104.43,109.11,-4.67,2010/11,72.2,27.0,144.2,16.0,220.8,14.0
322,Los Angeles Clippers,LAC,W,P,32,50,0.39,-3.13,106.24,109.78,-3.54,-2.71,106.23,109.31,-3.08,2010/11,75.0,24.0,133.9,28.0,209.6,18.0
323,Detroit Pistons,DET,E,C,30,52,0.366,-3.6,108.37,112.5,-4.13,-3.78,108.65,112.98,-4.33,2010/11,78.8,20.0,151.0,10.0,182.8,27.0
324,Sacramento Kings,SAC,W,P,24,58,0.293,-5.34,104.18,109.82,-5.65,-4.8,104.16,109.24,-5.07,2010/11,72.4,26.0,140.2,23.0,164.6,29.0
325,New Jersey Nets,NJN,E,A,24,58,0.293,-6.24,103.99,110.94,-6.95,-6.28,104.11,111.1,-6.99,2010/11,72.10000000000001,28.0,129.20000000000002,30.0,265.70000000000005,3.0
326,Washington Wizards,WAS,E,SE,23,59,0.28,-7.4,103.12,110.93,-7.81,-7.3,103.39,111.09,-7.71,2010/11,78.1,21.0,140.7,22.0,257.29999999999995,4.0
327,Toronto Raptors,TOR,E,A,22,60,0.268,-6.28,106.85,113.57,-6.72,-6.28,107.17,113.88,-6.72,2010/11,80.6,19.0,143.5,18.0,281.0,1.0
328,Cleveland Cavaliers,CLE,E,C,19,63,0.2319999999999999,-9.01,102.74,112.56,-9.81,-8.88,103.02,112.69,-9.67,2010/11,75.1,23.0,134.89999999999998,27.0,229.6,11.0
329,Minnesota Timberwolves,MIN,W,NW,17,65,0.207,-6.63,104.84,111.69,-6.85,-5.97,104.93,111.07,-6.15,2010/11,77.2,22.0,140.1,24.0,205.3,21.0
330,Cleveland Cavaliers,CLE,E,C,61,21,0.7440000000000001,6.52,112.27,105.07,7.21,6.17,112.29,105.47,6.82,2009/10,88.1,5.0,155.6,4.0,172.7,29.0
331,Orlando Magic,ORL,E,SE,59,23,0.72,7.49,112.13,104.0,8.13,7.12,112.02,104.28,7.73,2009/10,84.2,11.0,156.0,3.0,184.9,24.0
332,Los Angeles Lakers,LAL,W,P,57,25,0.695,4.72,109.51,104.57,4.93,4.78,109.32,104.32,5.0,2009/10,82.1,14.0,145.1,20.0,173.79999999999998,28.0
333,Dallas Mavericks,DAL,W,SW,55,27,0.6709999999999999,2.72,110.0,107.17,2.84,2.67,109.88,107.09,2.79,2009/10,84.1,12.0,156.5,2.0,239.9,8.0
334,Phoenix Suns,PHO,W,P,54,28,0.659,4.9,116.11,110.94,5.16,4.68,116.06,111.13,4.93,2009/10,89.80000000000001,3.0,164.20000000000002,1.0,198.70000000000002,19.0
335,Utah Jazz,UTA,W,NW,53,29,0.6459999999999999,5.34,111.57,105.81,5.76,5.33,111.44,105.69,5.75,2009/10,86.5,9.0,152.5,8.0,213.1,13.0
336,Atlanta Hawks,ATL,E,SE,53,29,0.6459999999999999,4.66,112.6,107.6,5.0,4.44,112.67,107.91,4.77,2009/10,91.1,2.0,151.29999999999998,9.0,184.6,25.0
337,Denver Nuggets,DEN,W,NW,53,29,0.6459999999999999,4.09,112.32,108.21,4.11,4.15,112.26,108.06,4.2,2009/10,87.19999999999999,6.0,153.7,5.0,176.89999999999998,27.0
338,San Antonio Spurs,SAS,W,SW,50,32,0.61,5.09,110.61,105.17,5.44,5.07,110.49,105.07,5.42,2009/10,91.4,1.0,153.60000000000002,6.0,246.8,5.0
339,Oklahoma City Thunder,OKC,W,NW,50,32,0.61,3.49,109.18,105.43,3.75,3.55,109.06,105.23,3.82,2009/10,81.3,16.0,142.1,23.0,226.6,11.0
340,Portland Trail Blazers,POR,W,NW,50,32,0.61,3.3,111.91,108.02,3.88,3.18,111.78,108.04,3.74,2009/10,80.1,18.0,153.0,7.0,252.7,3.0
341,Boston Celtics,BOS,E,A,50,32,0.61,3.66,108.65,104.62,4.03,3.37,108.5,104.79,3.72,2009/10,86.9,7.0,147.2,16.0,200.5,18.0
342,Miami Heat,MIA,E,SE,47,35,0.573,2.28,107.63,105.06,2.57,2.0,107.58,105.32,2.26,2009/10,89.5,4.0,144.7,21.0,171.8,30.0
343,Milwaukee Bucks,MIL,E,C,46,36,0.561,1.7,105.74,103.81,1.94,1.38,105.68,104.09,1.59,2009/10,75.6,21.0,144.3,22.0,212.1,14.0
344,Charlotte Bobcats,CHA,E,SE,44,38,0.537,1.46,105.26,103.87,1.39,1.3,105.2,103.97,1.22,2009/10,73.2,25.0,138.9,25.0,231.8,10.0
345,Houston Rockets,HOU,W,SW,42,40,0.512,-0.37,108.37,108.79,-0.42,-0.01,108.4,108.45,-0.04,2009/10,69.3,28.0,149.2,12.0,241.60000000000002,7.0
346,Chicago Bulls,CHI,E,C,41,41,0.5,-1.63,104.24,106.03,-1.79,-1.63,104.29,106.08,-1.79,2009/10,73.0,26.0,135.0,28.0,197.1,20.0
347,Memphis Grizzlies,MEM,W,SW,40,42,0.488,-1.51,109.07,110.71,-1.64,-1.38,109.0,110.49,-1.49,2009/10,85.19999999999999,10.0,138.0,26.0,239.29999999999998,9.0
348,Toronto Raptors,TOR,E,A,40,42,0.488,-1.78,112.19,113.89,-1.69,-1.83,112.45,114.2,-1.75,2009/10,86.6,8.0,149.89999999999998,11.0,213.5,12.0
349,New Orleans Hornets,NOH,W,SW,37,45,0.451,-2.46,108.19,110.92,-2.73,-2.26,108.15,110.67,-2.52,2009/10,81.69999999999999,15.0,145.89999999999998,19.0,211.1,16.0
350,Indiana Pacers,IND,E,C,32,50,0.39,-3.01,104.6,107.64,-3.04,-3.1,104.58,107.73,-3.14,2009/10,74.5,23.0,137.3,27.0,194.1,21.0
351,New York Knicks,NYK,E,A,29,53,0.354,-3.82,108.22,112.2,-3.98,-4.01,108.33,112.52,-4.19,2009/10,78.2,19.0,147.60000000000002,15.0,248.2,4.0
352,Los Angeles Clippers,LAC,W,P,29,53,0.354,-6.35,104.07,111.02,-6.95,-6.01,104.04,110.61,-6.57,2009/10,77.0,20.0,148.5,14.0,211.9,15.0
353,Philadelphia 76ers,PHI,E,A,27,55,0.3289999999999999,-3.9,106.93,111.35,-4.42,-3.93,107.15,111.58,-4.43,2009/10,82.5,13.0,146.3,18.0,205.1,17.0
354,Detroit Pistons,DET,E,C,27,55,0.3289999999999999,-5.11,106.6,112.41,-5.82,-5.02,106.78,112.48,-5.7,2009/10,75.3,22.0,146.8,17.0,182.5,26.0
355,Golden State Warriors,GSW,W,P,26,56,0.317,-3.6,108.7,112.31,-3.61,-3.28,108.77,112.05,-3.28,2009/10,81.1,17.0,148.7,13.0,288.7,2.0
356,Washington Wizards,WAS,E,SE,26,56,0.317,-4.78,105.11,110.41,-5.3,-4.72,105.34,110.57,-5.23,2009/10,74.4,24.0,151.2,10.0,302.1,1.0
357,Sacramento Kings,SAC,W,P,25,57,0.305,-4.37,106.05,110.82,-4.76,-4.06,106.09,110.52,-4.42,2009/10,75.3,22.0,140.6,24.0,243.3,6.0
358,Minnesota Timberwolves,MIN,W,NW,15,67,0.183,-9.6,102.34,112.31,-9.97,-9.06,102.38,111.78,-9.4,2009/10,69.1,29.0,127.29999999999998,29.0,186.29999999999998,23.0
359,New Jersey Nets,NJN,E,A,12,70,0.146,-9.12,101.54,111.56,-10.02,-8.93,101.75,111.54,-9.79,2009/10,72.1,27.0,125.89999999999999,30.0,187.1,22.0
360,Cleveland Cavaliers,CLE,E,C,66,16,0.805,8.93,113.29,103.2,10.09,8.68,113.18,103.37,9.8,2008/09,87.7,6.0,151.1,8.0,192.9,25.0
361,Los Angeles Lakers,LAL,W,P,65,17,0.7929999999999999,7.66,113.43,105.29,8.14,7.11,113.0,105.45,7.55,2008/09,90.8,2.0,156.2,4.0,199.3,20.0
362,Boston Celtics,BOS,E,A,62,20,0.7559999999999999,7.51,111.25,103.02,8.24,7.44,111.21,103.05,8.16,2008/09,88.2,4.0,151.8,7.0,219.5,13.0
363,Orlando Magic,ORL,E,SE,59,23,0.72,6.7,109.66,102.58,7.08,6.49,109.52,102.66,6.86,2008/09,78.0,21.0,147.6,13.0,213.39999999999998,15.0
364,Portland Trail Blazers,POR,W,NW,54,28,0.659,5.34,114.74,108.68,6.06,5.0,114.62,108.94,5.67,2008/09,88.1,5.0,157.0,2.0,197.9,21.0
365,San Antonio Spurs,SAS,W,SW,54,28,0.659,3.76,109.18,105.01,4.17,3.36,108.79,105.05,3.74,2008/09,86.1,8.0,149.5,9.0,312.5,2.0
366,Denver Nuggets,DEN,W,NW,54,28,0.659,3.41,111.03,107.68,3.35,3.13,110.83,107.78,3.05,2008/09,87.0,7.0,154.9,5.0,203.8,18.0
367,Houston Rockets,HOU,W,SW,53,29,0.6459999999999999,4.0,109.22,104.67,4.55,3.73,108.94,104.69,4.25,2008/09,78.89999999999999,19.0,148.2,11.0,231.1,8.0
368,Dallas Mavericks,DAL,W,SW,50,32,0.61,1.98,111.2,109.14,2.06,1.68,111.03,109.29,1.74,2008/09,92.0,1.0,153.8,6.0,196.8,22.0
369,New Orleans Hornets,NOH,W,SW,49,33,0.598,1.55,109.75,108.07,1.68,1.41,109.6,108.07,1.53,2008/09,84.0,12.0,139.2,22.0,185.1,26.0
370,Utah Jazz,UTA,W,NW,48,34,0.585,2.65,110.84,107.89,2.96,2.31,110.52,107.93,2.59,2008/09,85.4,9.0,149.2,10.0,202.8,19.0
371,Atlanta Hawks,ATL,E,SE,47,35,0.573,1.57,110.28,108.43,1.84,1.7,110.49,108.51,1.98,2008/09,84.7,10.0,147.2,14.0,178.3,29.0
372,Phoenix Suns,PHO,W,P,46,36,0.561,1.93,114.2,112.3,1.89,1.62,114.12,112.55,1.57,2008/09,89.9,3.0,173.0,1.0,196.5,23.0
373,Miami Heat,MIA,E,SE,43,39,0.524,0.26,108.34,108.28,0.06,0.49,108.56,108.24,0.32,2008/09,84.3,11.0,144.1,16.0,211.39999999999998,16.0
374,Philadelphia 76ers,PHI,E,A,41,41,0.5,0.07,108.79,108.79,0.0,0.16,108.89,108.79,0.1,2008/09,81.8,15.0,143.39999999999998,18.0,179.79999999999998,28.0
375,Chicago Bulls,CHI,E,C,41,41,0.5,-0.28,109.32,109.54,-0.22,-0.16,109.48,109.57,-0.09,2008/09,80.1,16.0,151.1,8.0,239.8,6.0
376,Detroit Pistons,DET,E,C,39,43,0.476,-0.49,108.21,108.79,-0.58,-0.36,108.34,108.78,-0.44,2008/09,77.5,22.0,143.8,17.0,210.9,17.0
377,Indiana Pacers,IND,E,C,36,46,0.439,-1.11,108.76,109.88,-1.12,-0.76,109.13,109.86,-0.73,2008/09,82.30000000000001,14.0,148.0,12.0,195.70000000000002,24.0
378,Charlotte Bobcats,CHA,E,SE,35,47,0.427,-1.27,105.42,107.01,-1.59,-1.19,105.43,106.93,-1.5,2008/09,80.1,16.0,133.89999999999998,25.0,243.1,5.0
379,Milwaukee Bucks,MIL,E,C,34,48,0.415,-1.09,107.44,108.61,-1.18,-0.87,107.6,108.54,-0.94,2008/09,76.80000000000001,24.0,143.20000000000002,19.0,222.60000000000002,11.0
380,New Jersey Nets,NJN,E,A,34,48,0.415,-2.44,109.14,111.85,-2.71,-2.31,109.33,111.89,-2.56,2008/09,83.2,13.0,140.2,20.0,177.7,30.0
381,Toronto Raptors,TOR,E,A,33,49,0.402,-2.82,107.72,110.69,-2.97,-2.53,107.99,110.66,-2.66,2008/09,76.5,25.0,144.2,15.0,213.60000000000002,14.0
382,New York Knicks,NYK,E,A,32,50,0.39,-2.61,108.7,111.41,-2.71,-2.33,109.03,111.44,-2.41,2008/09,79.4,17.0,139.5,21.0,284.1,3.0
383,Golden State Warriors,GSW,W,P,29,53,0.354,-3.74,109.94,113.76,-3.82,-3.8,109.98,113.86,-3.89,2008/09,79.1,18.0,156.6,3.0,230.2,9.0
384,Minnesota Timberwolves,MIN,W,NW,24,58,0.293,-4.91,106.75,112.18,-5.43,-4.74,106.78,112.0,-5.23,2008/09,69.1,29.0,139.2,22.0,231.2,7.0
385,Memphis Grizzlies,MEM,W,SW,24,58,0.293,-5.46,104.51,110.62,-6.12,-5.22,104.48,110.33,-5.84,2008/09,77.4,23.0,129.8,28.0,179.8,27.0
386,Oklahoma City Thunder,OKC,W,NW,23,59,0.28,-6.1,103.59,110.06,-6.47,-6.03,103.41,109.82,-6.41,2008/09,74.2,26.0,131.0,26.0,342.2,1.0
387,Washington Wizards,WAS,E,SE,19,63,0.2319999999999999,-7.46,105.98,114.23,-8.26,-6.98,106.39,114.11,-7.73,2008/09,78.3,20.0,136.3,24.0,222.6,12.0
388,Los Angeles Clippers,LAC,W,P,19,63,0.2319999999999999,-8.77,102.87,112.52,-9.65,-8.46,102.84,112.16,-9.31,2008/09,71.1,27.0,139.1,23.0,225.6,10.0
389,Sacramento Kings,SAC,W,P,17,65,0.207,-8.76,106.3,115.64,-9.34,-8.59,106.32,115.5,-9.18,2008/09,69.3,28.0,130.39999999999998,27.0,256.7,4.0
390,Boston Celtics,BOS,E,A,66,16,0.805,10.26,111.1,99.75,11.35,9.31,110.55,100.23,10.32,2007/08,90.2,4.0,158.10000000000002,7.0,201.4,17.0
391,Detroit Pistons,DET,E,C,59,23,0.72,7.39,112.09,103.64,8.45,6.67,111.76,104.09,7.66,2007/08,88.7,5.0,159.9,5.0,255.9,5.0
392,Los Angeles Lakers,LAL,W,P,57,25,0.695,7.26,113.71,106.08,7.63,7.34,113.72,105.99,7.73,2007/08,82.6,14.0,171.89999999999998,1.0,268.9,2.0
393,New Orleans Hornets,NOH,W,SW,56,26,0.6829999999999999,5.28,112.21,106.44,5.77,5.46,112.3,106.34,5.96,2007/08,92.6,2.0,143.8,15.0,206.7,14.0
394,San Antonio Spurs,SAS,W,SW,56,26,0.6829999999999999,4.79,107.91,102.54,5.37,5.1,107.8,102.11,5.68,2007/08,87.1,8.0,143.6,16.0,258.1,4.0
395,Houston Rockets,HOU,W,SW,55,27,0.6709999999999999,4.68,107.47,102.17,5.3,4.83,107.3,101.85,5.45,2007/08,81.9,16.0,156.7,9.0,334.5,1.0
396,Phoenix Suns,PHO,W,P,55,27,0.6709999999999999,5.05,114.04,108.77,5.27,5.14,114.22,108.86,5.36,2007/08,87.0,9.0,162.9,2.0,224.9,8.0
397,Utah Jazz,UTA,W,NW,54,28,0.659,6.88,114.52,107.05,7.47,6.87,114.6,107.15,7.44,2007/08,93.5,1.0,158.2,6.0,191.5,21.0
398,Orlando Magic,ORL,E,SE,52,30,0.634,5.46,112.12,106.26,5.86,4.79,111.89,106.75,5.14,2007/08,83.8,12.0,144.1,14.0,211.89999999999998,11.0
399,Dallas Mavericks,DAL,W,SW,51,31,0.622,4.54,111.9,106.82,5.08,4.7,112.02,106.77,5.25,2007/08,91.9,3.0,162.60000000000002,3.0,224.9,8.0
400,Denver Nuggets,DEN,W,NW,50,32,0.61,3.71,110.46,106.95,3.51,3.74,110.48,106.93,3.55,2007/08,86.7,10.0,148.3,10.0,192.7,20.0
401,Golden State Warriors,GSW,W,P,48,34,0.585,2.21,112.46,110.24,2.22,2.38,112.59,110.19,2.39,2007/08,88.5,6.0,158.0,8.0,224.1,9.0
402,Cleveland Cavaliers,CLE,E,C,45,37,0.5489999999999999,-0.35,106.66,107.15,-0.49,-0.52,106.58,107.23,-0.65,2007/08,83.3,13.0,139.5,21.0,205.1,15.0
403,Washington Wizards,WAS,E,SE,43,39,0.524,-0.33,110.03,110.39,-0.36,-0.6,110.06,110.71,-0.65,2007/08,85.6,11.0,144.89999999999998,13.0,182.79999999999998,25.0
404,Toronto Raptors,TOR,E,A,41,41,0.5,2.9,111.06,107.46,3.6,2.47,110.99,107.86,3.12,2007/08,87.3,7.0,160.8,4.0,226.89999999999998,7.0
405,Portland Trail Blazers,POR,W,NW,41,41,0.5,-0.98,107.97,109.07,-1.1,-0.52,108.11,108.73,-0.61,2007/08,78.6,19.0,140.3,20.0,181.5,26.0
406,Philadelphia 76ers,PHI,E,A,40,42,0.488,0.41,107.38,106.91,0.47,0.19,107.25,107.01,0.24,2007/08,76.8,22.0,143.3,17.0,189.8,23.0
407,Sacramento Kings,SAC,W,P,38,44,0.4629999999999999,-2.26,108.25,110.71,-2.45,-1.85,108.48,110.51,-2.03,2007/08,82.0,15.0,145.2,12.0,189.9,22.0
408,Atlanta Hawks,ATL,E,SE,37,45,0.451,-1.82,107.6,109.52,-1.92,-2.23,107.44,109.81,-2.37,2007/08,83.3,13.0,141.6,18.0,187.39999999999998,24.0
409,Indiana Pacers,IND,E,C,36,46,0.439,-1.4,106.69,108.2,-1.51,-1.86,106.47,108.47,-2.0,2007/08,77.3,21.0,139.5,21.0,211.39999999999998,12.0
410,New Jersey Nets,NJN,E,A,34,48,0.415,-5.06,104.61,110.25,-5.64,-5.15,104.6,110.32,-5.72,2007/08,79.1,18.0,137.5,23.0,195.29999999999998,18.0
411,Chicago Bulls,CHI,E,C,33,49,0.402,-3.09,104.65,107.91,-3.26,-3.19,104.6,107.96,-3.36,2007/08,71.9,27.0,141.3,19.0,194.10000000000002,19.0
412,Charlotte Bobcats,CHA,E,SE,32,50,0.39,-4.38,105.39,110.22,-4.83,-4.48,105.43,110.36,-4.93,2007/08,77.8,20.0,135.5,25.0,174.7,29.0
413,Milwaukee Bucks,MIL,E,C,26,56,0.317,-6.89,105.74,113.43,-7.68,-6.91,105.95,113.64,-7.69,2007/08,80.5,17.0,133.9,27.0,181.0,27.0
414,New York Knicks,NYK,E,A,23,59,0.28,-6.61,105.34,112.45,-7.11,-6.54,105.54,112.57,-7.03,2007/08,75.8,24.0,134.9,26.0,209.4,13.0
415,Los Angeles Clippers,LAC,W,P,23,59,0.28,-7.27,101.63,109.76,-8.14,-6.56,101.66,109.05,-7.38,2007/08,73.2,26.0,132.2,29.0,242.9,6.0
416,Memphis Grizzlies,MEM,W,SW,22,60,0.268,-6.21,105.44,112.07,-6.62,-5.75,105.72,111.86,-6.14,2007/08,75.9,23.0,147.3,11.0,204.4,16.0
417,Minnesota Timberwolves,MIN,W,NW,22,60,0.268,-6.78,104.42,111.96,-7.54,-6.25,104.62,111.59,-6.97,2007/08,75.5,25.0,137.8,22.0,180.8,28.0
418,Seattle SuperSonics,SEA,W,NW,20,62,0.244,-8.76,101.17,110.16,-8.99,-8.04,101.3,109.54,-8.24,2007/08,66.5,29.0,135.6,24.0,217.8,10.0
419,Miami Heat,MIA,E,SE,15,67,0.183,-8.65,101.13,110.8,-9.68,-8.53,101.12,110.64,-9.52,2007/08,70.3,28.0,133.5,28.0,264.5,3.0
420,Dallas Mavericks,DAL,W,SW,67,15,0.8170000000000001,7.22,112.32,104.12,8.2,7.28,112.23,103.98,8.25,2006/07,97.4,2.0,153.2,8.0,200.1,12.0
421,Phoenix Suns,PHO,W,P,61,21,0.7440000000000001,7.3,114.68,106.9,7.78,7.27,114.66,106.9,7.76,2006/07,98.1,1.0,158.0,3.0,184.9,20.0
422,San Antonio Spurs,SAS,W,SW,58,24,0.7070000000000001,8.43,110.11,100.64,9.47,8.35,109.84,100.47,9.37,2006/07,92.4,3.0,154.3,6.0,224.8,7.0
423,Detroit Pistons,DET,E,C,53,29,0.6459999999999999,4.16,109.8,104.87,4.93,3.68,109.72,105.33,4.39,2006/07,89.2,5.0,160.60000000000002,1.0,219.0,8.0
424,Houston Rockets,HOU,W,SW,52,30,0.634,4.85,106.64,101.31,5.33,5.04,106.43,100.9,5.53,2006/07,74.6,28.0,150.5,11.0,193.0,18.0
425,Utah Jazz,UTA,W,NW,51,31,0.622,2.87,110.65,107.4,3.25,3.06,110.7,107.24,3.45,2006/07,85.0,11.0,151.8,9.0,163.2,27.0
426,Cleveland Cavaliers,CLE,E,C,50,32,0.61,3.83,106.15,102.1,4.05,3.33,105.92,102.41,3.52,2006/07,85.5,10.0,141.1,22.0,178.1,25.0
427,Chicago Bulls,CHI,E,C,49,33,0.598,5.01,105.71,100.32,5.39,4.52,105.36,100.5,4.86,2006/07,80.39999999999999,17.0,139.39999999999998,24.0,178.7,24.0
428,Toronto Raptors,TOR,E,A,47,35,0.573,0.99,107.92,106.56,1.36,0.61,107.84,106.91,0.93,2006/07,81.3,14.0,149.2,13.0,242.8,2.0
429,Denver Nuggets,DEN,W,NW,45,37,0.5489999999999999,1.62,108.12,106.51,1.62,1.69,107.95,106.24,1.7,2006/07,90.9,4.0,147.4,17.0,236.2,3.0
430,Miami Heat,MIA,E,SE,44,38,0.537,-0.91,105.25,106.36,-1.12,-1.21,105.23,106.67,-1.44,2006/07,79.89999999999999,19.0,153.8,7.0,211.7,10.0
431,Los Angeles Lakers,LAL,W,P,42,40,0.512,-0.07,109.09,109.28,-0.19,0.24,109.18,109.02,0.16,2006/07,83.9,12.0,150.8,10.0,191.8,19.0
432,Golden State Warriors,GSW,W,P,42,40,0.512,-0.34,107.62,107.84,-0.22,-0.01,107.61,107.48,0.14,2006/07,79.9,18.0,155.2,4.0,269.9,1.0
433,Washington Wizards,WAS,E,SE,41,41,0.5,-0.51,110.57,111.28,-0.71,-0.8,110.7,111.71,-1.01,2006/07,88.6,6.0,154.8,5.0,196.0,16.0
434,New Jersey Nets,NJN,E,A,41,41,0.5,-0.77,106.45,107.43,-0.97,-1.0,106.49,107.7,-1.22,2006/07,72.8,29.0,127.8,30.0,139.9,30.0
435,Orlando Magic,ORL,E,SE,40,42,0.488,0.78,105.99,105.03,0.96,0.34,105.76,105.28,0.48,2006/07,79.3,21.0,140.0,23.0,199.0,13.0
436,Los Angeles Clippers,LAC,W,P,40,42,0.488,-0.46,105.9,106.55,-0.65,-0.07,105.91,106.14,-0.22,2006/07,80.7,15.0,143.3,20.0,147.4,29.0
437,New Orleans/Oklahoma City Hornets,NOK,W,SW,39,43,0.476,-1.57,105.68,107.51,-1.83,-1.2,105.78,107.19,-1.41,2006/07,79.5,20.0,148.2,15.0,198.3,14.0
438,Indiana Pacers,IND,E,C,35,47,0.427,-2.44,103.7,106.21,-2.51,-2.62,103.72,106.44,-2.72,2006/07,74.7,26.0,142.2,21.0,218.9,9.0
439,Philadelphia 76ers,PHI,E,A,35,47,0.427,-3.02,104.42,107.77,-3.35,-3.26,104.43,108.04,-3.61,2006/07,74.60000000000001,27.0,135.4,27.0,233.3,4.0
440,Sacramento Kings,SAC,W,P,33,49,0.402,-1.8,106.79,108.59,-1.8,-1.35,106.92,108.23,-1.31,2006/07,80.4,16.0,139.0,25.0,164.0,26.0
441,New York Knicks,NYK,E,A,33,49,0.402,-2.85,106.39,109.53,-3.14,-3.06,106.45,109.82,-3.38,2006/07,77.5,22.0,146.8,18.0,182.6,21.0
442,Charlotte Bobcats,CHA,E,SE,33,49,0.402,-3.74,104.29,108.34,-4.04,-3.97,104.23,108.52,-4.3,2006/07,75.9,24.0,159.7,2.0,204.5,11.0
443,Minnesota Timberwolves,MIN,W,NW,32,50,0.39,-3.67,104.58,108.64,-4.06,-3.16,104.64,108.15,-3.51,2006/07,75.7,25.0,137.5,26.0,162.8,28.0
444,Portland Trail Blazers,POR,W,NW,32,50,0.39,-4.29,105.94,110.79,-4.85,-3.78,106.13,110.42,-4.29,2006/07,77.3,23.0,146.5,19.0,194.4,17.0
445,Seattle SuperSonics,SEA,W,NW,31,51,0.3779999999999999,-2.89,108.21,111.52,-3.31,-2.45,108.45,111.27,-2.82,2006/07,86.6,7.0,147.5,16.0,182.29999999999998,22.0
446,Atlanta Hawks,ATL,E,SE,30,52,0.366,-4.76,103.83,109.24,-5.41,-4.86,103.98,109.5,-5.52,2006/07,83.0,13.0,134.7,28.0,225.2,6.0
447,Milwaukee Bucks,MIL,E,C,28,54,0.341,-4.38,107.63,112.34,-4.71,-4.44,107.89,112.66,-4.77,2006/07,85.7,9.0,149.5,12.0,179.8,23.0
448,Boston Celtics,BOS,E,A,24,58,0.293,-3.41,104.07,107.96,-3.89,-3.71,103.98,108.18,-4.19,2006/07,72.6,30.0,133.8,29.0,198.2,15.0
449,Memphis Grizzlies,MEM,W,SW,22,60,0.268,-5.15,107.37,112.95,-5.58,-4.44,107.74,112.54,-4.81,2006/07,86.2,8.0,149.0,14.0,227.3,5.0
450,Detroit Pistons,DET,E,C,64,18,0.78,6.67,111.59,103.9,7.69,6.23,111.35,104.15,7.2,2005/06,91.5,2.0,160.2,2.0,224.3,5.0
451,San Antonio Spurs,SAS,W,SW,63,19,0.768,6.82,108.02,100.32,7.7,6.69,107.93,100.38,7.54,2005/06,88.1,5.0,153.39999999999998,3.0,206.39999999999998,14.0
452,Dallas Mavericks,DAL,W,SW,60,22,0.732,6.07,112.87,105.73,7.14,5.96,113.06,106.07,6.99,2005/06,94.6,1.0,163.39999999999998,1.0,212.5,11.0
453,Phoenix Suns,PHO,W,P,54,28,0.659,5.55,112.27,106.45,5.82,5.48,112.32,106.58,5.74,2005/06,90.3,3.0,149.3,7.0,264.6,1.0
454,Miami Heat,MIA,E,SE,52,30,0.634,3.87,109.53,105.34,4.19,3.59,109.28,105.38,3.9,2005/06,76.2,21.0,150.2,6.0,198.5,19.0
455,Cleveland Cavaliers,CLE,E,C,50,32,0.61,2.23,108.49,106.01,2.48,2.17,108.49,106.07,2.42,2005/06,85.0,7.0,146.0,11.0,212.5,11.0
456,Memphis Grizzlies,MEM,W,SW,49,33,0.598,3.7,107.11,102.69,4.42,3.74,107.1,102.66,4.44,2005/06,83.9,8.0,149.2,8.0,204.6,15.0
457,New Jersey Nets,NJN,E,A,49,33,0.598,1.37,104.66,103.24,1.42,1.11,104.24,103.1,1.15,2005/06,79.6,18.0,126.89999999999999,28.0,167.79999999999998,28.0
458,Los Angeles Clippers,LAC,W,P,47,35,0.573,1.57,106.09,104.24,1.85,1.75,106.11,104.08,2.03,2005/06,83.3,10.0,145.0,14.0,203.5,17.0
459,Los Angeles Lakers,LAL,W,P,45,37,0.5489999999999999,2.5,109.26,106.59,2.67,2.53,109.46,106.77,2.69,2005/06,81.4,13.0,139.7,21.0,186.0,26.0
460,Sacramento Kings,SAC,W,P,44,38,0.537,1.54,107.45,105.8,1.65,1.61,107.51,105.8,1.72,2005/06,82.4,11.0,144.10000000000002,16.0,218.2,8.0
461,Denver Nuggets,DEN,W,NW,44,38,0.537,0.23,106.16,106.01,0.15,0.36,106.22,105.94,0.28,2005/06,79.8,17.0,147.6,10.0,143.6,29.0
462,Washington Wizards,WAS,E,SE,42,40,0.512,1.85,110.01,107.93,2.08,1.56,109.91,108.14,1.76,2005/06,83.8,9.0,141.9,18.0,190.0,22.0
463,Indiana Pacers,IND,E,C,41,41,0.5,1.89,105.3,103.0,2.3,1.62,104.91,102.9,2.01,2005/06,73.9,24.0,148.3,9.0,220.60000000000002,7.0
464,Chicago Bulls,CHI,E,C,41,41,0.5,0.63,104.64,103.99,0.64,0.51,104.38,103.85,0.52,2005/06,74.80000000000001,22.0,137.10000000000002,24.0,200.60000000000002,18.0
465,Utah Jazz,UTA,W,NW,41,41,0.5,-2.63,104.93,107.9,-2.96,-2.49,104.98,107.79,-2.81,2005/06,79.4,19.0,138.3,22.0,186.8,25.0
466,Milwaukee Bucks,MIL,E,C,40,42,0.488,-1.04,106.81,107.98,-1.17,-1.07,106.8,108.0,-1.2,2005/06,74.4,23.0,149.3,7.0,182.3,27.0
467,Philadelphia 76ers,PHI,E,A,38,44,0.4629999999999999,-1.95,106.89,109.0,-2.1,-2.11,106.79,109.06,-2.27,2005/06,82.1,12.0,141.39999999999998,20.0,194.2,20.0
468,New Orleans/Oklahoma City Hornets,NOK,W,SW,38,44,0.4629999999999999,-2.82,104.5,107.77,-3.27,-2.51,104.62,107.56,-2.94,2005/06,79.8,17.0,144.0,17.0,216.8,9.0
469,Orlando Magic,ORL,E,SE,36,46,0.439,-1.07,106.99,108.25,-1.26,-1.26,106.84,108.29,-1.45,2005/06,78.6,20.0,151.5,5.0,241.5,2.0
470,Seattle SuperSonics,SEA,W,NW,35,47,0.427,-3.02,111.99,115.45,-3.45,-2.88,112.49,115.79,-3.31,2005/06,85.3,6.0,153.1,4.0,240.3,3.0
471,Golden State Warriors,GSW,W,P,34,48,0.415,-1.35,105.36,106.79,-1.44,-1.11,105.55,106.74,-1.18,2005/06,80.7,15.0,141.5,19.0,187.7,23.0
472,Houston Rockets,HOU,W,SW,34,48,0.415,-1.59,102.41,104.42,-2.02,-1.31,102.5,104.2,-1.7,2005/06,71.5,25.0,134.0,27.0,228.3,4.0
473,Boston Celtics,BOS,E,A,33,49,0.402,-1.54,106.12,107.86,-1.73,-1.59,106.05,107.83,-1.78,2005/06,80.7,15.0,145.7,12.0,216.7,10.0
474,Minnesota Timberwolves,MIN,W,NW,33,49,0.402,-1.88,103.52,105.65,-2.13,-1.75,103.59,105.58,-1.99,2005/06,81.3,14.0,144.89999999999998,15.0,203.89999999999998,16.0
475,Toronto Raptors,TOR,E,A,27,55,0.3289999999999999,-2.99,110.22,113.34,-3.12,-3.03,110.4,113.57,-3.17,2005/06,88.4,4.0,137.5,23.0,187.5,24.0
476,Charlotte Bobcats,CHA,E,SE,26,56,0.317,-4.0,103.14,107.48,-4.33,-3.9,103.06,107.27,-4.21,2005/06,80.2,16.0,145.10000000000002,13.0,208.5,13.0
477,Atlanta Hawks,ATL,E,SE,26,56,0.317,-4.76,107.2,112.46,-5.26,-4.69,107.29,112.47,-5.17,2005/06,80.2,16.0,135.9,25.0,190.8,21.0
478,New York Knicks,NYK,E,A,23,59,0.28,-6.4,104.74,111.87,-7.14,-6.3,104.74,111.74,-7.0,2005/06,79.6,18.0,135.7,26.0,221.7,6.0
479,Portland Trail Blazers,POR,W,NW,21,61,0.256,-9.45,102.06,112.87,-10.81,-8.91,102.35,112.56,-10.21,2005/06,71.3,26.0,135.7,26.0,211.9,12.0
480,Phoenix Suns,PHO,W,P,62,20,0.7559999999999999,7.12,115.01,107.53,7.49,7.08,115.06,107.63,7.43,2004/05,99.0,2.0,155.0,4.0,245.39999999999998,6.0
481,San Antonio Spurs,SAS,W,SW,59,23,0.72,7.8,108.45,99.59,8.85,7.84,108.18,99.31,8.87,2004/05,88.8,5.0,160.6,2.0,230.79999999999998,10.0
482,Miami Heat,MIA,E,SE,59,23,0.72,6.52,111.08,103.74,7.33,5.76,110.81,104.31,6.5,2004/05,94.7,3.0,150.3,11.0,229.5,11.0
483,Dallas Mavericks,DAL,W,SW,58,24,0.7070000000000001,5.74,111.32,104.88,6.44,5.85,111.3,104.76,6.55,2004/05,90.5,4.0,158.4,3.0,185.0,28.0
484,Detroit Pistons,DET,E,C,54,28,0.659,3.87,106.49,102.07,4.42,3.31,106.19,102.38,3.81,2004/05,85.0,12.0,142.9,20.0,187.0,27.0
485,Seattle SuperSonics,SEA,W,NW,52,30,0.634,2.29,113.09,110.41,2.68,2.59,113.33,110.34,2.99,2004/05,85.89999999999999,8.0,151.5,9.0,180.79999999999998,29.0
486,Houston Rockets,HOU,W,SW,51,31,0.622,4.04,107.03,102.57,4.46,4.26,106.85,102.15,4.7,2004/05,85.1,11.0,146.5,12.0,210.7,17.0
487,Sacramento Kings,SAC,W,P,50,32,0.61,2.16,111.02,108.76,2.26,2.55,111.16,108.46,2.7,2004/05,107.9,1.0,175.4,1.0,259.9,3.0
488,Denver Nuggets,DEN,W,NW,49,33,0.598,2.02,106.6,104.67,1.93,2.22,106.49,104.34,2.15,2004/05,85.8,9.0,151.6,8.0,255.0,4.0
489,Chicago Bulls,CHI,E,C,47,35,0.573,1.06,102.14,101.01,1.13,0.65,101.84,101.15,0.69,2004/05,66.5,29.0,135.0,25.0,172.5,30.0
490,Memphis Grizzlies,MEM,W,SW,45,37,0.5489999999999999,2.29,106.5,103.89,2.61,2.63,106.57,103.6,2.97,2004/05,73.9,27.0,153.5,5.0,198.8,21.0
491,Boston Celtics,BOS,E,A,45,37,0.5489999999999999,0.87,108.31,107.4,0.91,0.34,108.27,107.92,0.35,2004/05,81.7,14.0,152.8,6.0,204.7,20.0
492,Washington Wizards,WAS,E,SE,45,37,0.5489999999999999,-0.33,107.94,108.32,-0.38,-0.72,107.91,108.7,-0.79,2004/05,87.5,6.0,145.8,14.0,194.6,24.0
493,Minnesota Timberwolves,MIN,W,NW,44,38,0.537,1.45,108.99,107.35,1.64,1.73,108.98,107.05,1.93,2004/05,78.8,21.0,151.7,7.0,193.8,25.0
494,Indiana Pacers,IND,E,C,44,38,0.537,0.76,106.46,105.55,0.91,0.49,106.47,105.85,0.62,2004/05,73.6,28.0,150.5,10.0,241.7,7.0
495,Philadelphia 76ers,PHI,E,A,43,39,0.524,-0.74,104.0,104.86,-0.86,-1.08,103.82,105.03,-1.21,2004/05,79.8,19.0,134.9,26.0,215.9,15.0
496,Cleveland Cavaliers,CLE,E,C,42,40,0.512,0.79,107.58,106.68,0.89,0.27,107.5,107.17,0.33,2004/05,86.3,7.0,141.9,21.0,195.9,23.0
497,New Jersey Nets,NJN,E,A,42,40,0.512,-1.5,102.29,104.02,-1.73,-1.82,102.11,104.18,-2.07,2004/05,77.9,23.0,135.8,24.0,270.1,2.0
498,Los Angeles Clippers,LAC,W,P,37,45,0.451,-0.77,106.76,107.5,-0.74,-0.47,106.78,107.2,-0.43,2004/05,78.9,20.0,146.2,13.0,189.5,26.0
499,Orlando Magic,ORL,E,SE,36,46,0.439,-2.24,105.7,108.01,-2.31,-2.52,105.73,108.33,-2.6,2004/05,80.7,16.0,143.8,17.0,218.0,14.0
500,Golden State Warriors,GSW,W,P,34,48,0.415,-2.16,105.24,107.71,-2.46,-1.74,105.22,107.24,-2.01,2004/05,76.4,25.0,146.2,13.0,230.8,9.0
501,Los Angeles Lakers,LAL,W,P,34,48,0.415,-2.96,108.86,112.12,-3.27,-2.33,109.16,111.74,-2.58,2004/05,85.5,10.0,143.6,18.0,198.6,22.0
502,Toronto Raptors,TOR,E,A,33,49,0.402,-1.62,107.78,109.41,-1.63,-1.81,107.85,109.68,-1.83,2004/05,84.9,13.0,144.2,16.0,207.9,18.0
503,New York Knicks,NYK,E,A,33,49,0.402,-2.44,106.93,109.59,-2.66,-2.73,107.05,110.01,-2.96,2004/05,80.5,17.0,141.9,21.0,273.0,1.0
504,Milwaukee Bucks,MIL,E,C,30,52,0.366,-2.99,107.0,110.42,-3.42,-3.09,107.21,110.72,-3.51,2004/05,80.3,18.0,143.2,19.0,229.10000000000002,13.0
505,Portland Trail Blazers,POR,W,NW,27,55,0.3289999999999999,-4.0,104.26,108.64,-4.37,-3.45,104.39,108.17,-3.78,2004/05,76.7,24.0,144.7,15.0,215.5,16.0
506,Utah Jazz,UTA,W,NW,26,56,0.317,-4.27,105.57,110.29,-4.72,-3.74,105.75,109.9,-4.16,2004/05,78.69999999999999,22.0,139.39999999999998,23.0,205.1,19.0
507,Charlotte Bobcats,CHA,E,SE,18,64,0.22,-5.99,101.91,108.4,-6.49,-6.15,101.87,108.54,-6.67,2004/05,81.4,15.0,139.9,22.0,229.4,12.0
508,New Orleans Hornets,NOH,W,SW,18,64,0.22,-7.07,100.72,108.89,-8.17,-6.3,101.0,108.32,-7.32,2004/05,74.4,26.0,124.2,28.0,232.9,8.0
509,Atlanta Hawks,ATL,E,SE,13,69,0.159,-9.71,101.23,111.99,-10.76,-9.62,101.45,112.09,-10.64,2004/05,76.7,24.0,134.4,27.0,251.0,5.0
510,Indiana Pacers,IND,E,C,61,21,0.7440000000000001,5.76,104.77,98.16,6.61,4.93,104.47,98.77,5.7,2003/04,86.5,7.0,151.8,11.0,197.0,19.0
511,Minnesota Timberwolves,MIN,W,M,58,24,0.7070000000000001,5.49,106.53,100.3,6.23,5.86,106.41,99.79,6.62,2003/04,88.7,3.0,146.0,13.0,209.7,13.0
512,San Antonio Spurs,SAS,W,M,57,25,0.695,7.22,103.01,94.79,8.23,7.51,102.62,94.09,8.53,2003/04,84.8,8.0,153.8,9.0,186.1,23.0
513,Los Angeles Lakers,LAL,W,P,56,26,0.6829999999999999,3.9,106.23,102.06,4.16,4.35,106.2,101.54,4.65,2003/04,88.4,4.0,152.4,10.0,217.5,11.0
514,Sacramento Kings,SAC,W,P,55,27,0.6709999999999999,5.01,110.87,105.42,5.45,5.41,111.02,105.14,5.88,2003/04,90.8,2.0,163.3,2.0,189.3,22.0
515,Detroit Pistons,DET,E,C,54,28,0.659,5.84,103.18,96.48,6.7,5.04,102.81,97.01,5.81,2003/04,84.30000000000001,9.0,154.40000000000003,8.0,200.50000000000003,18.0
516,Dallas Mavericks,DAL,W,M,52,30,0.634,4.44,113.01,108.1,4.92,4.86,113.3,107.92,5.37,2003/04,97.8,1.0,170.8,1.0,201.1,16.0
517,Memphis Grizzlies,MEM,W,M,50,32,0.61,2.44,105.56,102.97,2.6,2.95,105.58,102.41,3.16,2003/04,87.6,6.0,160.2,4.0,182.7,24.0
518,New Jersey Nets,NJN,E,A,47,35,0.573,2.5,101.76,99.05,2.71,1.88,101.52,99.49,2.03,2003/04,81.2,12.0,139.2,23.0,177.2,26.0
519,Houston Rockets,HOU,W,M,45,37,0.5489999999999999,1.73,101.8,99.87,1.93,2.28,101.65,99.13,2.52,2003/04,77.6,21.0,139.0,24.0,203.2,14.0
520,Denver Nuggets,DEN,W,M,43,39,0.524,1.07,104.61,103.73,0.88,1.65,104.66,103.13,1.52,2003/04,82.5,11.0,155.3,7.0,174.7,28.0
521,Miami Heat,MIA,E,A,42,40,0.512,0.52,102.92,102.48,0.43,-0.13,102.81,103.08,-0.28,2003/04,78.6,20.0,139.8,22.0,180.6,25.0
522,Utah Jazz,UTA,W,M,42,40,0.512,-1.22,103.12,104.52,-1.4,-0.53,103.21,103.86,-0.65,2003/04,77.5,22.0,135.9,27.0,223.3,9.0
523,Milwaukee Bucks,MIL,E,C,41,41,0.5,1.06,107.28,106.09,1.19,0.42,107.34,106.85,0.49,2003/04,80.8,14.0,159.1,5.0,223.2,10.0
524,Portland Trail Blazers,POR,W,P,41,41,0.5,-1.27,104.58,106.04,-1.47,-0.58,104.74,105.45,-0.71,2003/04,79.9,17.0,161.4,3.0,277.1,3.0
525,New Orleans Hornets,NOH,E,C,41,41,0.5,-0.1,103.36,103.47,-0.12,-0.72,103.25,104.05,-0.79,2003/04,81.1,13.0,144.7,17.0,175.6,27.0
526,New York Knicks,NYK,E,A,39,43,0.476,-1.48,102.39,104.02,-1.63,-1.97,102.4,104.56,-2.17,2003/04,77.1,23.0,145.39999999999998,14.0,298.59999999999997,1.0
527,Seattle SuperSonics,SEA,W,P,37,45,0.451,-0.63,108.11,108.79,-0.69,0.02,108.41,108.38,0.03,2003/04,88.0,5.0,155.5,6.0,217.2,12.0
528,Golden State Warriors,GSW,W,P,37,45,0.451,-0.73,103.71,104.54,-0.83,-0.07,103.8,103.91,-0.1,2003/04,73.4,26.0,147.8,12.0,195.9,20.0
529,Boston Celtics,BOS,E,A,36,46,0.439,-1.45,102.76,104.39,-1.63,-1.99,102.66,104.89,-2.23,2003/04,73.3,27.0,145.2,15.0,263.4,5.0
530,Cleveland Cavaliers,CLE,E,C,35,47,0.427,-2.62,102.1,105.05,-2.95,-3.07,102.16,105.59,-3.43,2003/04,82.7,10.0,143.6,18.0,232.4,8.0
531,Philadelphia 76ers,PHI,E,A,33,49,0.402,-2.49,100.29,103.04,-2.76,-2.95,100.28,103.54,-3.26,2003/04,78.7,19.0,136.8,26.0,180.6,25.0
532,Toronto Raptors,TOR,E,C,33,49,0.402,-3.01,97.75,101.27,-3.53,-3.41,97.65,101.61,-3.95,2003/04,79.7,18.0,121.6,29.0,268.5,4.0
533,Phoenix Suns,PHO,W,P,29,53,0.354,-3.74,102.33,106.35,-4.02,-2.94,102.5,105.65,-3.14,2003/04,74.4,25.0,143.3,19.0,203.1,15.0
534,Los Angeles Clippers,LAC,W,P,28,54,0.341,-4.59,104.3,109.4,-5.1,-3.74,104.63,108.81,-4.18,2003/04,80.6,15.0,137.89999999999998,25.0,200.7,17.0
535,Atlanta Hawks,ATL,E,C,28,54,0.341,-4.65,101.91,107.01,-5.11,-5.0,102.02,107.51,-5.49,2003/04,75.2,24.0,144.8,16.0,279.8,2.0
536,Washington Wizards,WAS,E,A,25,57,0.305,-5.63,99.46,105.62,-6.15,-6.12,99.35,106.04,-6.69,2003/04,67.4,28.0,139.9,21.0,191.9,21.0
537,Chicago Bulls,CHI,E,C,23,59,0.28,-6.35,97.49,104.38,-6.88,-6.69,97.42,104.67,-7.25,2003/04,67.0,29.0,131.2,28.0,237.5,7.0
538,Orlando Magic,ORL,E,A,21,61,0.256,-7.02,103.53,111.31,-7.78,-7.25,103.84,111.86,-8.02,2003/04,80.1,16.0,140.1,20.0,251.2,6.0
539,Dallas Mavericks,DAL,W,M,60,22,0.732,7.78,111.43,102.89,8.54,7.91,111.52,102.85,8.67,2002/03,99.7,1.0,162.1,2.0,216.4,5.0
540,San Antonio Spurs,SAS,W,M,60,22,0.732,5.41,106.25,100.29,5.96,5.65,106.2,99.99,6.22,2002/03,83.1,13.0,151.5,8.0,180.4,20.0
541,Sacramento Kings,SAC,W,P,59,23,0.72,6.5,106.45,99.5,6.95,6.68,106.36,99.2,7.16,2002/03,88.7,4.0,156.9,4.0,192.10000000000002,18.0
542,Minnesota Timberwolves,MIN,W,M,51,31,0.622,2.07,106.81,104.5,2.31,2.46,106.97,104.23,2.73,2002/03,77.89999999999999,22.0,154.2,7.0,200.79999999999998,13.0
543,Detroit Pistons,DET,E,C,50,32,0.61,3.68,104.84,100.71,4.14,2.98,104.48,101.11,3.36,2002/03,84.39999999999999,8.0,146.89999999999998,12.0,179.0,21.0
544,Portland Trail Blazers,POR,W,P,50,32,0.61,2.61,106.41,103.58,2.83,2.98,106.52,103.29,3.23,2002/03,80.9,17.0,157.9,3.0,205.0,10.0
545,Los Angeles Lakers,LAL,W,P,50,32,0.61,2.33,107.96,105.55,2.41,2.71,108.18,105.35,2.83,2002/03,91.9,3.0,140.2,20.0,175.9,22.0
546,New Jersey Nets,NJN,E,A,49,33,0.598,5.22,104.42,98.8,5.62,4.42,103.93,99.18,4.75,2002/03,87.5,5.0,141.2,19.0,148.9,29.0
547,Indiana Pacers,IND,E,C,48,34,0.585,3.49,105.28,101.55,3.74,2.79,104.96,101.98,2.98,2002/03,84.1,10.0,148.1,11.0,208.7,8.0
548,Philadelphia 76ers,PHI,E,A,48,34,0.585,2.3,105.78,103.26,2.52,1.76,105.6,103.68,1.93,2002/03,83.19999999999999,12.0,150.39999999999998,9.0,194.6,17.0
549,Utah Jazz,UTA,W,M,47,35,0.573,2.39,106.46,103.59,2.87,2.77,106.58,103.3,3.27,2002/03,92.9,2.0,146.4,13.0,171.8,23.0
550,New Orleans Hornets,NOH,E,C,47,35,0.573,2.11,104.61,102.28,2.33,1.52,104.36,102.68,1.69,2002/03,83.0,14.0,144.8,16.0,202.70000000000002,12.0
551,Phoenix Suns,PHO,W,P,44,38,0.537,1.13,104.48,103.21,1.27,1.57,104.58,102.83,1.74,2002/03,81.4,16.0,135.3,24.0,160.6,27.0
552,Boston Celtics,BOS,E,A,44,38,0.537,-0.39,101.9,102.33,-0.43,-0.75,101.78,102.59,-0.81,2002/03,74.9,25.0,134.5,25.0,159.0,28.0
553,Houston Rockets,HOU,W,M,43,39,0.524,1.48,104.96,103.5,1.46,1.89,105.07,103.14,1.93,2002/03,85.5,7.0,143.5,17.0,200.0,15.0
554,Milwaukee Bucks,MIL,E,C,42,40,0.512,0.23,109.62,109.36,0.26,-0.24,109.72,109.97,-0.25,2002/03,86.9,6.0,167.1,1.0,225.39999999999998,2.0
555,Orlando Magic,ORL,E,A,42,40,0.512,0.13,105.84,105.72,0.12,-0.39,105.75,106.2,-0.45,2002/03,80.5,19.0,146.2,14.0,218.0,4.0
556,Seattle SuperSonics,SEA,W,P,40,42,0.488,-0.12,104.48,104.63,-0.14,0.37,104.64,104.25,0.4,2002/03,79.4,21.0,154.4,6.0,206.7,9.0
557,Golden State Warriors,GSW,W,P,38,44,0.4629999999999999,-1.13,109.01,110.1,-1.09,-0.59,109.45,109.96,-0.51,2002/03,84.10000000000001,9.0,156.4,5.0,195.5,16.0
558,Washington Wizards,WAS,E,A,37,45,0.451,-1.01,103.82,105.06,-1.25,-1.47,103.75,105.49,-1.74,2002/03,82.5,15.0,138.0,23.0,216.1,6.0
559,New York Knicks,NYK,E,A,37,45,0.451,-1.35,105.34,106.81,-1.47,-1.61,105.37,107.12,-1.75,2002/03,77.3,23.0,142.1,18.0,164.6,25.0
560,Atlanta Hawks,ATL,E,C,35,47,0.427,-3.56,103.1,106.96,-3.86,-3.87,103.07,107.27,-4.19,2002/03,80.3,20.0,133.7,26.0,204.2,11.0
561,Chicago Bulls,CHI,E,C,30,52,0.366,-5.13,101.03,106.3,-5.27,-5.3,100.99,106.45,-5.47,2002/03,66.89999999999999,28.0,139.2,22.0,188.6,19.0
562,Memphis Grizzlies,MEM,W,M,28,54,0.341,-3.23,104.47,108.08,-3.62,-2.59,104.79,107.71,-2.92,2002/03,80.7,18.0,150.10000000000002,10.0,218.60000000000002,3.0
563,Los Angeles Clippers,LAC,W,P,27,55,0.3289999999999999,-4.12,103.0,107.51,-4.51,-3.44,103.3,107.07,-3.77,2002/03,83.3,11.0,139.6,21.0,200.2,14.0
564,Miami Heat,MIA,E,A,25,57,0.305,-5.05,97.53,103.31,-5.78,-5.13,97.37,103.23,-5.87,2002/03,70.69999999999999,27.0,127.6,27.0,160.89999999999998,26.0
565,Toronto Raptors,TOR,E,C,24,58,0.293,-5.87,101.37,107.99,-6.62,-6.09,101.36,108.21,-6.85,2002/03,73.8,26.0,145.89999999999998,15.0,231.8,1.0
566,Denver Nuggets,DEN,W,M,17,65,0.207,-8.28,93.2,102.26,-9.06,-7.41,93.22,101.33,-8.11,2002/03,61.3,29.0,112.0,29.0,211.0,7.0
567,Cleveland Cavaliers,CLE,E,C,17,65,0.207,-9.62,97.25,107.48,-10.23,-9.58,97.25,107.45,-10.2,2002/03,75.4,24.0,122.80000000000001,28.0,165.3,24.0
568,Sacramento Kings,SAC,W,P,61,21,0.7440000000000001,7.61,109.7,101.62,8.08,7.61,109.48,101.37,8.12,2001/02,90.8,3.0,164.39999999999998,2.0,196.89999999999998,18.0
569,Los Angeles Lakers,LAL,W,P,58,24,0.7070000000000001,7.12,110.29,102.52,7.77,7.15,110.12,102.3,7.82,2001/02,92.7,1.0,155.5,3.0,225.8,6.0
570,San Antonio Spurs,SAS,W,M,58,24,0.7070000000000001,6.21,107.35,100.38,6.97,6.27,107.06,100.01,7.05,2001/02,86.3,6.0,149.2,9.0,199.89999999999998,16.0
571,Dallas Mavericks,DAL,W,M,57,25,0.695,4.26,112.8,108.22,4.59,4.41,112.91,108.13,4.78,2001/02,91.7,2.0,179.9,1.0,244.5,2.0
572,New Jersey Nets,NJN,E,A,52,30,0.634,4.16,104.78,100.28,4.5,3.67,104.65,100.71,3.94,2001/02,79.1,17.0,150.2,8.0,191.79999999999998,20.0
573,Minnesota Timberwolves,MIN,W,M,50,32,0.61,3.38,109.79,105.97,3.82,3.58,109.78,105.73,4.05,2001/02,83.6,8.0,153.39999999999998,5.0,205.6,13.0
574,Detroit Pistons,DET,E,C,50,32,0.61,2.13,105.77,103.43,2.33,1.69,105.63,103.8,1.83,2001/02,83.3,9.0,147.39999999999998,12.0,213.39999999999998,11.0
575,Portland Trail Blazers,POR,W,P,49,33,0.598,2.99,108.2,104.84,3.36,3.2,108.13,104.52,3.61,2001/02,83.9,7.0,154.8,4.0,204.5,14.0
576,Boston Celtics,BOS,E,A,49,33,0.598,2.21,104.1,101.7,2.4,1.74,103.95,102.08,1.87,2001/02,76.3,21.0,139.5,20.0,193.0,19.0
577,Seattle SuperSonics,SEA,W,P,45,37,0.5489999999999999,3.02,109.77,106.3,3.47,3.24,109.78,106.06,3.72,2001/02,88.2,4.0,147.8,10.0,220.5,8.0
578,Utah Jazz,UTA,W,M,44,38,0.537,0.89,106.57,105.33,1.25,1.2,106.52,104.93,1.6,2001/02,90.8,3.0,144.6,15.0,181.5,25.0
579,Orlando Magic,ORL,E,A,44,38,0.537,1.57,107.71,106.04,1.67,1.25,107.88,106.58,1.3,2001/02,83.0,10.0,147.6,11.0,207.2,12.0
580,Charlotte Hornets,CHO,E,C,44,38,0.537,0.96,105.13,104.06,1.07,0.57,105.02,104.4,0.62,2001/02,78.5,18.0,147.1,13.0,167.7,28.0
581,Philadelphia 76ers,PHI,E,A,43,39,0.524,1.6,103.12,101.42,1.7,1.27,103.02,101.69,1.33,2001/02,82.89999999999999,11.0,138.89999999999998,21.0,213.89999999999998,10.0
582,Indiana Pacers,IND,E,C,42,40,0.512,0.27,105.09,104.59,0.5,-0.07,105.08,104.98,0.1,2001/02,76.6,20.0,150.3,7.0,217.39999999999998,9.0
583,Toronto Raptors,TOR,E,C,42,40,0.512,-0.44,103.37,104.04,-0.67,-0.71,103.39,104.37,-0.98,2001/02,81.1,13.0,137.8,23.0,233.8,4.0
584,Milwaukee Bucks,MIL,E,C,41,41,0.5,-0.22,107.78,108.0,-0.22,-0.62,107.93,108.6,-0.68,2001/02,88.0,5.0,150.4,6.0,183.7,24.0
585,Los Angeles Clippers,LAC,W,P,39,43,0.476,-0.46,106.49,106.87,-0.38,-0.09,106.51,106.47,0.05,2001/02,81.6,12.0,144.8,14.0,197.6,17.0
586,Washington Wizards,WAS,E,A,37,45,0.451,-1.4,105.67,107.16,-1.49,-1.58,105.92,107.62,-1.7,2001/02,80.7,14.0,150.3,7.0,201.1,15.0
587,Phoenix Suns,PHO,W,P,36,46,0.439,-0.68,104.07,104.71,-0.64,-0.3,103.98,104.19,-0.21,2001/02,74.9,23.0,138.10000000000002,22.0,225.10000000000002,7.0
588,Miami Heat,MIA,E,A,36,46,0.439,-1.54,99.28,101.15,-1.88,-1.85,99.08,101.31,-2.22,2001/02,76.0,22.0,127.1,28.0,178.5,26.0
589,Atlanta Hawks,ATL,E,C,33,49,0.402,-4.23,102.72,107.4,-4.68,-4.41,102.83,107.73,-4.9,2001/02,77.4,19.0,131.3,26.0,231.70000000000002,5.0
590,New York Knicks,NYK,E,A,30,52,0.366,-3.99,102.02,106.38,-4.36,-4.15,102.1,106.66,-4.56,2001/02,74.3,24.0,133.4,24.0,154.3,29.0
591,Cleveland Cavaliers,CLE,E,C,29,53,0.354,-3.33,105.41,109.17,-3.76,-3.53,105.63,109.62,-3.99,2001/02,83.9,7.0,141.5,19.0,186.5,22.0
592,Houston Rockets,HOU,W,M,28,54,0.341,-4.89,103.93,109.55,-5.62,-4.31,104.08,109.03,-4.95,2001/02,80.3,15.0,144.2,16.0,184.2,23.0
593,Denver Nuggets,DEN,W,M,27,55,0.3289999999999999,-5.82,102.34,108.68,-6.35,-5.19,102.44,108.08,-5.64,2001/02,71.4,26.0,144.10000000000002,17.0,291.8,1.0
594,Memphis Grizzlies,MEM,W,M,23,59,0.28,-7.44,98.9,107.09,-8.19,-6.74,98.92,106.32,-7.4,2001/02,73.39999999999999,25.0,133.39999999999998,25.0,177.39999999999998,27.0
595,Golden State Warriors,GSW,W,P,21,61,0.256,-5.4,103.56,109.28,-5.71,-4.8,103.7,108.74,-5.04,2001/02,79.30000000000001,16.0,142.70000000000002,18.0,189.20000000000002,21.0
596,Chicago Bulls,CHI,E,C,21,61,0.256,-8.54,99.05,108.56,-9.51,-8.52,99.21,108.72,-9.5,2001/02,67.2,27.0,130.8,27.0,238.1,3.0
597,San Antonio Spurs,SAS,W,M,58,24,0.7070000000000001,7.76,107.36,98.64,8.72,7.92,107.2,98.31,8.89,2000/01,90.2,4.0,156.60000000000002,3.0,212.8,7.0
598,Los Angeles Lakers,LAL,W,P,56,26,0.6829999999999999,3.38,109.15,105.56,3.59,3.74,109.33,105.33,4.01,2000/01,93.7,2.0,154.2,6.0,209.6,10.0
599,Philadelphia 76ers,PHI,E,A,56,26,0.6829999999999999,4.28,104.36,99.73,4.63,3.63,104.09,100.17,3.92,2000/01,80.2,16.0,154.7,5.0,237.2,4.0
600,Sacramento Kings,SAC,W,P,55,27,0.6709999999999999,5.82,106.32,100.23,6.08,6.07,106.23,99.85,6.38,2000/01,88.4,6.0,156.7,2.0,191.2,18.0
601,Utah Jazz,UTA,W,M,53,29,0.6459999999999999,4.7,108.36,103.17,5.19,5.0,108.42,102.89,5.53,2000/01,90.3,3.0,151.7,8.0,187.9,21.0
602,Dallas Mavericks,DAL,W,M,53,29,0.6459999999999999,4.28,108.0,103.36,4.63,4.6,108.07,103.07,4.99,2000/01,88.5,5.0,149.8,12.0,211.8,8.0
603,Milwaukee Bucks,MIL,E,C,52,30,0.634,3.88,109.52,105.34,4.18,3.13,109.42,106.06,3.36,2000/01,94.3,1.0,150.7,9.0,186.7,22.0
604,Phoenix Suns,PHO,W,P,51,31,0.622,2.21,101.12,98.67,2.45,2.63,100.94,98.03,2.91,2000/01,83.2,11.0,128.3,26.0,198.70000000000002,14.0
605,Portland Trail Blazers,POR,W,P,50,32,0.61,4.2,107.08,102.54,4.53,4.52,107.11,102.21,4.9,2000/01,83.5,10.0,156.4,4.0,247.0,2.0
606,Miami Heat,MIA,E,A,50,32,0.61,2.29,101.88,99.39,2.49,1.72,101.67,99.81,1.87,2000/01,78.5,19.0,138.4,19.0,210.4,9.0
607,New York Knicks,NYK,E,A,48,34,0.585,2.63,102.12,99.01,3.11,1.98,101.82,99.44,2.38,2000/01,82.69999999999999,12.0,142.2,16.0,183.7,24.0
608,Minnesota Timberwolves,MIN,W,M,47,35,0.573,1.35,106.0,104.4,1.61,1.81,106.12,104.01,2.11,2000/01,88.3,7.0,147.6,13.0,186.39999999999998,23.0
609,Toronto Raptors,TOR,E,C,47,35,0.573,2.26,106.64,104.23,2.41,1.69,106.62,104.83,1.79,2000/01,82.4,13.0,159.7,1.0,241.60000000000002,3.0
610,Charlotte Hornets,CHO,E,C,46,36,0.561,2.1,102.57,100.34,2.23,1.45,102.26,100.73,1.52,2000/01,79.1,18.0,146.1,14.0,169.5,27.0
611,Houston Rockets,HOU,W,M,45,37,0.5489999999999999,2.29,107.6,105.02,2.58,2.71,107.75,104.71,3.04,2000/01,77.3,20.0,152.8,7.0,196.4,15.0
612,Seattle SuperSonics,SEA,W,P,44,38,0.537,0.02,106.53,106.38,0.14,0.55,106.74,106.03,0.71,2000/01,84.60000000000001,8.0,150.0,10.0,205.20000000000002,13.0
613,Orlando Magic,ORL,E,A,43,39,0.524,0.99,104.05,102.99,1.06,0.38,103.9,103.51,0.39,2000/01,81.1,14.0,135.1,22.0,194.2,17.0
614,Indiana Pacers,IND,E,C,41,41,0.5,-0.2,102.91,103.09,-0.18,-0.77,102.69,103.51,-0.82,2000/01,79.5,17.0,136.2,20.0,161.9,29.0
615,Denver Nuggets,DEN,W,M,40,42,0.488,-2.46,104.26,107.03,-2.77,-1.83,104.5,106.57,-2.07,2000/01,83.8,9.0,149.89999999999998,11.0,190.79999999999998,19.0
616,Boston Celtics,BOS,E,A,36,46,0.439,-2.13,102.41,104.8,-2.39,-2.4,102.45,105.14,-2.68,2000/01,75.7,22.0,134.7,23.0,190.7,20.0
617,Detroit Pistons,DET,E,C,32,50,0.39,-1.7,100.61,102.41,-1.79,-2.08,100.46,102.69,-2.23,2000/01,70.9,28.0,140.4,18.0,206.9,11.0
618,Los Angeles Clippers,LAC,W,P,31,51,0.3779999999999999,-2.89,102.25,105.42,-3.17,-2.23,102.41,104.86,-2.45,2000/01,73.8,25.0,145.1,15.0,195.7,16.0
619,Cleveland Cavaliers,CLE,E,C,30,52,0.366,-4.24,101.1,105.71,-4.6,-4.48,101.16,106.02,-4.87,2000/01,80.3,15.0,134.7,23.0,183.29999999999998,25.0
620,New Jersey Nets,NJN,E,A,26,56,0.317,-5.05,100.78,106.41,-5.63,-5.3,100.86,106.77,-5.91,2000/01,77.1,21.0,135.5,21.0,205.39999999999998,12.0
621,Atlanta Hawks,ATL,E,C,25,57,0.305,-5.21,99.51,105.17,-5.66,-5.55,99.38,105.43,-6.04,2000/01,73.9,24.0,125.60000000000001,28.0,230.9,6.0
622,Vancouver Grizzlies,VAN,W,M,23,59,0.28,-5.73,100.04,106.39,-6.35,-4.94,100.24,105.72,-5.47,2000/01,72.5,27.0,128.2,27.0,179.9,26.0
623,Washington Wizards,WAS,E,A,19,63,0.2319999999999999,-6.67,101.43,108.65,-7.21,-6.75,101.62,108.93,-7.31,2000/01,73.4,26.0,140.8,17.0,282.9,1.0
624,Golden State Warriors,GSW,W,P,17,65,0.207,-9.05,98.41,108.09,-9.68,-8.11,98.68,107.34,-8.65,2000/01,70.3,29.0,134.2,24.0,236.7,5.0
625,Chicago Bulls,CHI,E,C,15,67,0.183,-9.1,98.12,108.33,-10.21,-9.09,98.32,108.52,-10.19,2000/01,75.1,23.0,130.2,25.0,168.1,28.0
626,Los Angeles Lakers,LAL,W,P,67,15,0.8170000000000001,8.55,107.85,98.79,9.05,8.41,107.66,98.75,8.92,1999/00,91.7,2.0,147.7,12.0,195.4,17.0
627,Portland Trail Blazers,POR,W,P,59,23,0.72,6.4,108.75,101.67,7.08,6.37,108.71,101.68,7.03,1999/00,87.6,5.0,159.7,2.0,196.79999999999998,15.0
628,Indiana Pacers,IND,E,C,56,26,0.6829999999999999,4.6,109.17,104.21,4.95,4.16,109.05,104.58,4.47,1999/00,85.8,9.0,153.7,3.0,215.9,6.0
629,Utah Jazz,UTA,W,M,55,27,0.6709999999999999,4.46,107.97,103.09,4.88,4.52,108.0,103.06,4.94,1999/00,92.4,1.0,146.10000000000002,15.0,167.0,27.0
630,San Antonio Spurs,SAS,W,M,53,29,0.6459999999999999,5.94,105.83,99.45,6.38,5.93,105.67,99.3,6.37,1999/00,84.30000000000001,11.0,152.4,5.0,207.4,11.0
631,Phoenix Suns,PHO,W,P,53,29,0.6459999999999999,5.22,105.04,99.66,5.38,5.24,104.9,99.48,5.41,1999/00,87.1,7.0,149.3,8.0,217.0,5.0
632,Miami Heat,MIA,E,A,52,30,0.634,3.11,105.39,102.08,3.31,2.75,105.16,102.24,2.92,1999/00,78.9,17.0,153.7,3.0,213.3,9.0
633,Minnesota Timberwolves,MIN,W,M,50,32,0.61,2.52,106.98,104.1,2.87,2.67,107.05,104.03,3.02,1999/00,87.4,6.0,148.4,10.0,176.7,24.0
634,New York Knicks,NYK,E,A,50,32,0.61,1.46,103.1,101.53,1.58,1.3,102.89,101.48,1.4,1999/00,75.1,25.0,135.7,23.0,160.1,29.0
635,Charlotte Hornets,CHO,E,C,49,33,0.598,2.67,105.0,102.22,2.79,2.34,104.84,102.41,2.43,1999/00,82.8,12.0,160.89999999999998,1.0,168.89999999999998,25.0
636,Philadelphia 76ers,PHI,E,A,49,33,0.598,1.34,102.24,100.8,1.44,1.02,102.0,100.91,1.09,1999/00,74.3,26.0,145.0,17.0,241.10000000000002,4.0
637,Seattle SuperSonics,SEA,W,P,45,37,0.5489999999999999,0.95,106.19,105.33,0.87,1.17,106.32,105.21,1.11,1999/00,82.7,13.0,142.1,19.0,182.2,21.0
638,Toronto Raptors,TOR,E,C,45,37,0.5489999999999999,-0.16,105.46,105.53,-0.06,-0.46,105.32,105.71,-0.39,1999/00,84.39999999999999,10.0,149.5,7.0,184.1,20.0
639,Sacramento Kings,SAC,W,P,44,38,0.537,2.91,105.62,102.58,3.04,3.04,105.61,102.43,3.19,1999/00,81.1,16.0,152.7,4.0,188.89999999999998,19.0
640,Detroit Pistons,DET,E,C,42,40,0.512,1.44,108.14,106.54,1.6,1.13,108.18,106.91,1.27,1999/00,89.3,3.0,149.2,9.0,161.6,28.0
641,Milwaukee Bucks,MIL,E,C,42,40,0.512,0.22,109.07,108.82,0.25,-0.05,109.15,109.19,-0.05,1999/00,86.9,8.0,146.10000000000002,15.0,203.10000000000002,13.0
642,Orlando Magic,ORL,E,A,41,41,0.5,0.68,103.35,102.37,0.97,0.43,103.13,102.44,0.69,1999/00,76.8,21.0,144.3,18.0,268.3,2.0
643,Dallas Mavericks,DAL,W,M,40,42,0.488,-0.57,107.33,107.86,-0.52,-0.28,107.59,107.8,-0.22,1999/00,88.3,4.0,151.1,6.0,196.3,16.0
644,Boston Celtics,BOS,E,A,35,47,0.427,-0.76,105.41,106.26,-0.85,-1.0,105.46,106.57,-1.11,1999/00,81.4,15.0,137.3,22.0,192.9,18.0
645,Denver Nuggets,DEN,W,M,35,47,0.427,-2.12,104.19,106.44,-2.25,-1.76,104.37,106.23,-1.86,1999/00,78.1,18.0,147.2,13.0,197.7,14.0
646,Houston Rockets,HOU,W,M,34,48,0.415,-0.87,105.53,106.55,-1.02,-0.56,105.72,106.41,-0.69,1999/00,75.8,23.0,146.39999999999998,14.0,242.5,3.0
647,Cleveland Cavaliers,CLE,E,C,32,50,0.39,-3.5,101.04,104.85,-3.81,-3.64,100.87,104.83,-3.96,1999/00,77.6,19.0,132.3,25.0,215.2,7.0
648,New Jersey Nets,NJN,E,A,31,51,0.3779999999999999,-1.04,105.93,107.12,-1.19,-1.18,105.98,107.31,-1.33,1999/00,82.4,14.0,148.3,11.0,205.4,12.0
649,Washington Wizards,WAS,E,A,29,53,0.354,-3.28,104.29,107.71,-3.42,-3.47,104.3,107.92,-3.62,1999/00,75.6,24.0,145.29999999999998,16.0,213.79999999999998,8.0
650,Atlanta Hawks,ATL,E,C,28,54,0.341,-5.38,102.68,108.46,-5.78,-5.41,102.68,108.5,-5.82,1999/00,77.0,20.0,139.7,21.0,180.1,22.0
651,Vancouver Grizzlies,VAN,W,M,22,60,0.268,-5.62,103.34,109.5,-6.17,-5.1,103.66,109.26,-5.6,1999/00,76.4,22.0,129.9,26.0,177.7,23.0
652,Golden State Warriors,GSW,W,P,19,63,0.2319999999999999,-8.27,100.4,109.04,-8.64,-7.62,100.7,108.65,-7.96,1999/00,69.80000000000001,28.0,141.10000000000002,20.0,273.1,1.0
653,Chicago Bulls,CHI,E,C,17,65,0.207,-9.4,95.5,105.93,-10.43,-9.23,95.42,105.65,-10.23,1999/00,58.2,29.0,107.9,27.0,212.5,10.0
654,Los Angeles Clippers,LAC,W,P,15,67,0.183,-11.52,98.61,110.91,-12.3,-10.73,99.0,110.44,-11.45,1999/00,70.1,27.0,133.2,24.0,167.9,26.0
