Team,Season,W/L%,PER_Unit_1,PER_Unit_2,PER_Unit_combined,PER_Unit_1_Rank,PER_Unit_2_Rank,PER_Unit_combined_Rank,DRtg_Unit_1,DRtg_Unit_2,DRtg_Unit_combined,DRtg_Unit_1_Rank,DRtg_Unit_2_Rank,DRtg_Unit_combined_Rank
Utah Jazz,2020/21,0.722,80.4,78.0,158.4,18.0,3.0,9.0,542.0,543.0,1085.0,21.0,19.0,23.0
Phoenix Suns,2020/21,0.708,89.1,71.5,160.6,6.0,11.0,7.0,557.0,557.0,1114.0,16.0,16.0,19.0
Philadelphia 76ers,2020/21,0.6809999999999999,93.6,69.8,163.39999999999998,4.0,14.0,3.0,538.0,537.0,1075.0,23.0,21.0,25.0
Brooklyn Nets,2020/21,0.667,77.9,84.5,162.4,21.0,1.0,4.0,577.0,567.0,1144.0,4.0,8.0,6.0
Los Angeles Clippers,2020/21,0.653,92.7,74.9,167.60000000000002,5.0,8.0,1.0,553.0,561.0,1114.0,19.0,14.0,19.0
Denver Nuggets,2020/21,0.653,93.6,68.5,162.10000000000002,3.0,17.0,5.0,561.0,563.0,1124.0,13.0,12.0,16.0
Milwaukee Bucks,2020/21,0.639,95.8,64.5,160.3,1.0,22.0,8.0,554.0,566.0,1120.0,18.0,9.0,18.0
Los Angeles Lakers,2020/21,0.583,84.1,62.60000000000001,146.7,13.0,26.0,22.0,539.0,535.0,1074.0,22.0,22.0,26.0
Dallas Mavericks,2020/21,0.583,82.0,75.6,157.6,15.0,6.0,10.0,571.0,558.0,1129.0,7.0,15.0,12.0
Portland Trail Blazers,2020/21,0.583,94.6,71.3,165.89999999999998,2.0,12.0,2.0,578.0,581.0,1159.0,3.0,2.0,2.0
New York Knicks,2020/21,0.569,70.7,83.1,153.8,27.0,2.0,13.0,539.0,539.0,1078.0,22.0,20.0,24.0
Atlanta Hawks,2020/21,0.569,86.8,68.4,155.2,11.0,18.0,12.0,564.0,572.0,1136.0,11.0,5.0,9.0
Miami Heat,2020/21,0.556,87.7,60.4,148.1,9.0,28.0,19.0,556.0,553.0,1109.0,17.0,18.0,21.0
Golden State Warriors,2020/21,0.542,78.5,64.5,143.0,19.0,22.0,23.0,546.0,554.0,1100.0,20.0,17.0,22.0
Memphis Grizzlies,2020/21,0.528,82.6,75.0,157.6,14.0,7.0,10.0,559.0,553.0,1112.0,14.0,18.0,20.0
Boston Celtics,2020/21,0.5,86.9,68.9,155.8,10.0,16.0,11.0,564.0,561.0,1125.0,11.0,14.0,15.0
Indiana Pacers,2020/21,0.472,81.4,70.4,151.8,17.0,13.0,14.0,567.0,561.0,1128.0,9.0,14.0,13.0
Washington Wizards,2020/21,0.472,78.0,63.1,141.1,20.0,24.0,24.0,569.0,568.0,1137.0,8.0,7.0,8.0
San Antonio Spurs,2020/21,0.4579999999999999,81.6,68.0,149.6,16.0,19.0,18.0,566.0,562.0,1128.0,10.0,13.0,13.0
Charlotte Hornets,2020/21,0.4579999999999999,77.4,72.4,149.8,23.0,10.0,16.0,567.0,564.0,1131.0,9.0,11.0,11.0
New Orleans Pelicans,2020/21,0.431,88.1,73.7,161.8,8.0,9.0,6.0,572.0,563.0,1135.0,6.0,12.0,10.0
Chicago Bulls,2020/21,0.431,72.5,77.2,149.7,26.0,5.0,17.0,564.0,558.0,1122.0,11.0,15.0,17.0
Sacramento Kings,2020/21,0.431,85.3,64.9,150.2,12.0,21.0,15.0,589.0,584.0,1173.0,1.0,1.0,1.0
Toronto Raptors,2020/21,0.375,88.3,59.1,147.4,7.0,29.0,20.0,562.0,565.0,1127.0,12.0,10.0,14.0
Minnesota Timberwolves,2020/21,0.319,77.6,69.5,147.1,22.0,15.0,21.0,573.0,576.0,1149.0,5.0,4.0,5.0
Cleveland Cavaliers,2020/21,0.306,70.2,65.3,135.5,29.0,20.0,27.0,580.0,564.0,1144.0,2.0,11.0,6.0
Oklahoma City Thunder,2020/21,0.306,53.9,77.3,131.2,30.0,4.0,29.0,572.0,566.0,1138.0,6.0,9.0,7.0
Orlando Magic,2020/21,0.292,70.5,61.7,132.2,28.0,27.0,28.0,573.0,577.0,1150.0,5.0,3.0,4.0
Detroit Pistons,2020/21,0.278,76.6,62.7,139.3,24.0,25.0,25.0,558.0,571.0,1129.0,15.0,6.0,12.0
Houston Rockets,2020/21,0.236,74.9,63.8,138.7,25.0,23.0,26.0,573.0,581.0,1154.0,5.0,2.0,3.0
Milwaukee Bucks,2019/20,0.767,93.7,68.7,162.4,4.0,16.0,3.0,512.0,519.0,1031.0,22.0,23.0,27.0
Toronto Raptors,2019/20,0.736,82.4,64.8,147.2,12.0,21.0,18.0,525.0,527.0,1052.0,21.0,22.0,26.0
Los Angeles Lakers,2019/20,0.732,86.9,70.2,157.10000000000002,8.0,14.0,8.0,534.0,528.0,1062.0,20.0,21.0,25.0
Los Angeles Clippers,2019/20,0.6809999999999999,97.0,61.7,158.7,1.0,25.0,5.0,541.0,534.0,1075.0,18.0,20.0,24.0
Boston Celtics,2019/20,0.667,89.2,68.7,157.9,6.0,16.0,6.0,540.0,537.0,1077.0,19.0,19.0,23.0
Denver Nuggets,2019/20,0.63,82.3,81.2,163.5,13.0,1.0,2.0,557.0,553.0,1110.0,11.0,12.0,14.0
Indiana Pacers,2019/20,0.616,95.3,80.9,176.2,3.0,2.0,1.0,649.0,652.0,1301.0,1.0,1.0,1.0
Houston Rockets,2019/20,0.611,81.5,63.8,145.3,15.0,22.0,19.0,553.0,545.0,1098.0,12.0,16.0,18.0
Utah Jazz,2019/20,0.611,78.2,77.0,155.2,20.0,4.0,9.0,548.0,553.0,1101.0,16.0,12.0,16.0
Oklahoma City Thunder,2019/20,0.611,96.1,54.3,150.39999999999998,2.0,29.0,16.0,546.0,544.0,1090.0,17.0,17.0,22.0
Miami Heat,2019/20,0.603,86.2,68.9,155.10000000000002,9.0,15.0,10.0,552.0,546.0,1098.0,13.0,15.0,18.0
Philadelphia 76ers,2019/20,0.589,77.3,73.7,151.0,21.0,6.0,15.0,548.0,544.0,1092.0,16.0,17.0,21.0
Dallas Mavericks,2019/20,0.573,88.2,71.2,159.4,7.0,12.0,4.0,557.0,565.0,1122.0,11.0,8.0,10.0
Brooklyn Nets,2019/20,0.486,71.4,63.3,134.7,27.0,24.0,26.0,551.0,545.0,1096.0,14.0,16.0,19.0
Portland Trail Blazers,2019/20,0.473,90.3,54.9,145.2,5.0,28.0,20.0,576.0,574.0,1150.0,5.0,4.0,4.0
Phoenix Suns,2019/20,0.466,79.1,73.6,152.7,19.0,7.0,11.0,557.0,556.0,1113.0,11.0,11.0,13.0
Memphis Grizzlies,2019/20,0.466,79.7,71.3,151.0,17.0,11.0,15.0,552.0,550.0,1102.0,13.0,13.0,15.0
Orlando Magic,2019/20,0.452,81.69999999999999,70.8,152.5,14.0,13.0,12.0,550.0,543.0,1093.0,15.0,18.0,20.0
San Antonio Spurs,2019/20,0.451,85.0,72.4,157.4,10.0,9.0,7.0,569.0,565.0,1134.0,6.0,8.0,7.0
Sacramento Kings,2019/20,0.431,70.2,78.7,148.9,28.0,3.0,17.0,568.0,550.0,1118.0,7.0,13.0,12.0
New Orleans Pelicans,2019/20,0.417,76.2,66.3,142.5,24.0,18.0,23.0,562.0,557.0,1119.0,8.0,10.0,11.0
Charlotte Hornets,2019/20,0.354,73.9,57.1,131.0,25.0,27.0,28.0,568.0,566.0,1134.0,7.0,7.0,7.0
Washington Wizards,2019/20,0.347,79.8,72.2,152.0,16.0,10.0,14.0,581.0,575.0,1156.0,2.0,3.0,3.0
Chicago Bulls,2019/20,0.3379999999999999,72.4,65.5,137.9,26.0,20.0,25.0,552.0,547.0,1099.0,13.0,14.0,17.0
New York Knicks,2019/20,0.318,82.8,61.1,143.9,11.0,26.0,21.0,561.0,567.0,1128.0,9.0,6.0,8.0
Detroit Pistons,2019/20,0.303,79.2,73.0,152.2,18.0,8.0,13.0,557.0,571.0,1128.0,11.0,5.0,8.0
Atlanta Hawks,2019/20,0.299,76.5,67.4,143.9,23.0,17.0,21.0,577.0,566.0,1143.0,4.0,7.0,5.0
Minnesota Timberwolves,2019/20,0.297,77.2,66.1,143.3,22.0,19.0,22.0,560.0,565.0,1125.0,10.0,8.0,9.0
Cleveland Cavaliers,2019/20,0.292,70.2,63.5,133.7,28.0,23.0,27.0,581.0,579.0,1160.0,2.0,2.0,2.0
Golden State Warriors,2019/20,0.231,63.6,76.4,140.0,29.0,5.0,24.0,578.0,560.0,1138.0,3.0,9.0,6.0
Milwaukee Bucks,2018/19,0.732,99.1,58.4,157.5,1.0,21.0,4.0,521.0,537.0,1058.0,24.0,19.0,25.0
Toronto Raptors,2018/19,0.7070000000000001,92.7,67.3,160.0,4.0,12.0,1.0,533.0,539.0,1072.0,21.0,18.0,23.0
Golden State Warriors,2018/19,0.695,91.2,66.8,158.0,5.0,13.0,3.0,547.0,556.0,1103.0,15.0,11.0,14.0
Denver Nuggets,2018/19,0.659,90.6,62.4,153.0,7.0,18.0,10.0,545.0,547.0,1092.0,17.0,14.0,18.0
Houston Rockets,2018/19,0.6459999999999999,95.5,52.3,147.8,2.0,27.0,15.0,550.0,563.0,1113.0,14.0,7.0,11.0
Portland Trail Blazers,2018/19,0.6459999999999999,88.89999999999999,67.4,156.3,9.0,11.0,6.0,550.0,555.0,1105.0,14.0,12.0,13.0
Philadelphia 76ers,2018/19,0.622,94.4,57.0,151.4,3.0,24.0,11.0,546.0,559.0,1105.0,16.0,10.0,13.0
Utah Jazz,2018/19,0.61,81.30000000000001,65.3,146.60000000000002,15.0,15.0,17.0,528.0,530.0,1058.0,23.0,21.0,25.0
Boston Celtics,2018/19,0.598,86.9,73.0,159.9,10.0,4.0,2.0,538.0,541.0,1079.0,20.0,16.0,21.0
Oklahoma City Thunder,2018/19,0.598,89.4,48.9,138.3,8.0,28.0,26.0,532.0,540.0,1072.0,22.0,17.0,23.0
Indiana Pacers,2018/19,0.585,78.0,71.8,149.8,19.0,6.0,13.0,532.0,539.0,1071.0,22.0,18.0,24.0
San Antonio Spurs,2018/19,0.585,85.2,69.3,154.5,11.0,7.0,9.0,558.0,555.0,1113.0,9.0,12.0,11.0
Los Angeles Clippers,2018/19,0.585,90.8,57.2,148.0,6.0,23.0,14.0,558.0,564.0,1122.0,9.0,6.0,9.0
Orlando Magic,2018/19,0.512,84.0,54.8,138.8,12.0,26.0,25.0,544.0,539.0,1083.0,18.0,18.0,20.0
Brooklyn Nets,2018/19,0.512,79.8,56.3,136.1,17.0,25.0,28.0,553.0,545.0,1098.0,13.0,15.0,15.0
Detroit Pistons,2018/19,0.5,77.19999999999999,58.2,135.39999999999998,20.0,22.0,29.0,545.0,551.0,1096.0,17.0,13.0,16.0
Miami Heat,2018/19,0.476,74.9,69.2,144.10000000000002,25.0,8.0,20.0,539.0,536.0,1075.0,19.0,20.0,22.0
Sacramento Kings,2018/19,0.476,83.1,64.1,147.2,13.0,17.0,16.0,556.0,564.0,1120.0,11.0,6.0,10.0
Charlotte Hornets,2018/19,0.476,76.6,78.0,154.6,22.0,1.0,8.0,561.0,565.0,1126.0,8.0,5.0,8.0
Los Angeles Lakers,2018/19,0.451,75.2,68.6,143.8,24.0,9.0,21.0,554.0,541.0,1095.0,12.0,16.0,17.0
Minnesota Timberwolves,2018/19,0.439,80.2,75.3,155.5,16.0,2.0,7.0,562.0,570.0,1132.0,7.0,3.0,6.0
Dallas Mavericks,2018/19,0.402,76.9,64.6,141.5,21.0,16.0,23.0,557.0,551.0,1108.0,10.0,13.0,12.0
New Orleans Pelicans,2018/19,0.402,90.6,59.3,149.89999999999998,7.0,20.0,12.0,562.0,570.0,1132.0,7.0,3.0,6.0
Memphis Grizzlies,2018/19,0.402,72.19999999999999,67.7,139.89999999999998,26.0,10.0,24.0,545.0,541.0,1086.0,17.0,16.0,19.0
Washington Wizards,2018/19,0.39,82.5,73.9,156.4,14.0,3.0,5.0,573.0,564.0,1137.0,4.0,6.0,4.0
Atlanta Hawks,2018/19,0.354,71.6,72.8,144.39999999999998,28.0,5.0,19.0,572.0,567.0,1139.0,5.0,4.0,3.0
Chicago Bulls,2018/19,0.268,75.7,61.3,137.0,23.0,19.0,27.0,567.0,562.0,1129.0,6.0,8.0,7.0
Phoenix Suns,2018/19,0.2319999999999999,78.4,66.3,144.7,18.0,14.0,18.0,576.0,572.0,1148.0,2.0,2.0,2.0
Cleveland Cavaliers,2018/19,0.2319999999999999,71.9,71.8,143.7,27.0,6.0,22.0,589.0,587.0,1176.0,1.0,1.0,1.0
New York Knicks,2018/19,0.207,62.4,72.8,135.2,29.0,5.0,30.0,575.0,561.0,1136.0,3.0,9.0,5.0
Houston Rockets,2017/18,0.7929999999999999,89.6,77.8,167.39999999999998,6.0,3.0,1.0,529.0,533.0,1062.0,19.0,16.0,19.0
Toronto Raptors,2017/18,0.72,92.2,72.9,165.10000000000002,4.0,7.0,2.0,529.0,531.0,1060.0,19.0,18.0,20.0
Golden State Warriors,2017/18,0.7070000000000001,97.5,66.9,164.4,1.0,16.0,3.0,540.0,540.0,1080.0,13.0,13.0,16.0
Boston Celtics,2017/18,0.6709999999999999,86.5,58.0,144.5,10.0,28.0,18.0,521.0,519.0,1040.0,21.0,23.0,23.0
Philadelphia 76ers,2017/18,0.634,87.5,59.3,146.8,9.0,24.0,17.0,522.0,530.0,1052.0,20.0,19.0,21.0
Cleveland Cavaliers,2017/18,0.61,87.60000000000001,62.0,149.60000000000002,8.0,22.0,11.0,560.0,562.0,1122.0,2.0,1.0,2.0
Portland Trail Blazers,2017/18,0.598,83.3,59.1,142.4,14.0,25.0,23.0,532.0,532.0,1064.0,18.0,17.0,18.0
Utah Jazz,2017/18,0.585,86.0,67.4,153.4,12.0,14.0,8.0,517.0,520.0,1037.0,22.0,22.0,24.0
Oklahoma City Thunder,2017/18,0.585,92.9,48.3,141.2,3.0,30.0,25.0,534.0,543.0,1077.0,17.0,12.0,17.0
New Orleans Pelicans,2017/18,0.585,90.7,58.3,149.0,5.0,27.0,14.0,538.0,550.0,1088.0,15.0,9.0,14.0
Indiana Pacers,2017/18,0.585,81.6,76.8,158.39999999999998,16.0,4.0,4.0,543.0,537.0,1080.0,11.0,15.0,16.0
San Antonio Spurs,2017/18,0.573,83.0,69.2,152.2,15.0,12.0,9.0,521.0,527.0,1048.0,21.0,20.0,22.0
Minnesota Timberwolves,2017/18,0.573,93.4,63.7,157.10000000000002,2.0,20.0,6.0,554.0,560.0,1114.0,7.0,2.0,3.0
Denver Nuggets,2017/18,0.561,84.1,73.9,158.0,13.0,5.0,5.0,557.0,551.0,1108.0,4.0,8.0,6.0
Miami Heat,2017/18,0.537,71.5,79.6,151.1,25.0,2.0,10.0,538.0,524.0,1062.0,15.0,21.0,19.0
Milwaukee Bucks,2017/18,0.537,88.9,58.8,147.70000000000002,7.0,26.0,15.0,547.0,555.0,1102.0,10.0,6.0,10.0
Washington Wizards,2017/18,0.524,76.5,72.7,149.2,19.0,8.0,13.0,541.0,549.0,1090.0,12.0,10.0,13.0
Los Angeles Clippers,2017/18,0.512,87.5,69.39999999999999,156.89999999999998,9.0,11.0,7.0,547.0,556.0,1103.0,10.0,5.0,9.0
Detroit Pistons,2017/18,0.476,74.8,66.6,141.39999999999998,21.0,17.0,24.0,535.0,548.0,1083.0,16.0,11.0,15.0
Charlotte Hornets,2017/18,0.439,86.4,57.0,143.4,11.0,29.0,21.0,543.0,552.0,1095.0,11.0,7.0,11.0
Los Angeles Lakers,2017/18,0.427,73.6,73.89999999999999,147.5,22.0,6.0,16.0,539.0,538.0,1077.0,14.0,14.0,17.0
New York Knicks,2017/18,0.354,76.2,68.1,144.3,20.0,13.0,19.0,556.0,555.0,1111.0,5.0,6.0,4.0
Brooklyn Nets,2017/18,0.341,72.7,70.4,143.10000000000002,24.0,10.0,22.0,556.0,550.0,1106.0,5.0,9.0,8.0
Chicago Bulls,2017/18,0.3289999999999999,67.5,64.1,131.6,28.0,19.0,28.0,558.0,552.0,1110.0,3.0,7.0,5.0
Sacramento Kings,2017/18,0.3289999999999999,68.6,72.3,140.89999999999998,26.0,9.0,26.0,557.0,557.0,1114.0,4.0,4.0,3.0
Orlando Magic,2017/18,0.305,79.8,67.0,146.8,17.0,15.0,17.0,555.0,548.0,1103.0,6.0,11.0,9.0
Dallas Mavericks,2017/18,0.293,68.1,81.3,149.39999999999998,27.0,1.0,12.0,552.0,540.0,1092.0,9.0,13.0,12.0
Atlanta Hawks,2017/18,0.293,78.7,65.1,143.8,18.0,18.0,20.0,547.0,560.0,1107.0,10.0,2.0,7.0
Memphis Grizzlies,2017/18,0.268,72.8,61.3,134.1,23.0,23.0,27.0,553.0,558.0,1111.0,8.0,3.0,4.0
Phoenix Suns,2017/18,0.256,64.7,63.3,128.0,29.0,21.0,29.0,570.0,560.0,1130.0,1.0,2.0,1.0
Golden State Warriors,2016/17,0.8170000000000001,100.4,64.5,164.9,1.0,16.0,1.0,518.0,525.0,1043.0,23.0,20.0,27.0
San Antonio Spurs,2016/17,0.7440000000000001,91.7,71.3,163.0,4.0,8.0,2.0,519.0,518.0,1037.0,22.0,21.0,28.0
Houston Rockets,2016/17,0.6709999999999999,79.5,80.1,159.6,19.0,1.0,3.0,549.0,542.0,1091.0,7.0,13.0,14.0
Boston Celtics,2016/17,0.6459999999999999,85.5,60.8,146.3,9.0,23.0,16.0,543.0,541.0,1084.0,12.0,14.0,17.0
Los Angeles Clippers,2016/17,0.622,82.60000000000001,73.2,155.8,14.0,5.0,8.0,546.0,535.0,1081.0,10.0,17.0,18.0
Utah Jazz,2016/17,0.622,83.1,63.5,146.6,12.0,17.0,14.0,525.0,534.0,1059.0,21.0,18.0,26.0
Toronto Raptors,2016/17,0.622,92.1,66.7,158.8,3.0,13.0,4.0,542.0,534.0,1076.0,13.0,18.0,21.0
Cleveland Cavaliers,2016/17,0.622,95.4,52.7,148.10000000000002,2.0,30.0,11.0,548.0,556.0,1104.0,8.0,6.0,9.0
Washington Wizards,2016/17,0.598,89.7,56.7,146.4,5.0,24.0,15.0,545.0,556.0,1101.0,11.0,6.0,10.0
Oklahoma City Thunder,2016/17,0.573,77.2,62.7,139.9,23.0,19.0,23.0,534.0,544.0,1078.0,16.0,12.0,20.0
Memphis Grizzlies,2016/17,0.524,82.0,55.9,137.9,15.0,25.0,26.0,534.0,544.0,1078.0,16.0,12.0,20.0
Atlanta Hawks,2016/17,0.524,81.4,54.400000000000006,135.8,16.0,28.0,28.0,528.0,533.0,1061.0,20.0,19.0,25.0
Milwaukee Bucks,2016/17,0.512,81.2,70.10000000000001,151.3,17.0,9.0,9.0,547.0,550.0,1097.0,9.0,8.0,11.0
Indiana Pacers,2016/17,0.512,82.7,65.3,148.0,13.0,15.0,12.0,540.0,552.0,1092.0,14.0,7.0,13.0
Miami Heat,2016/17,0.5,84.4,63.2,147.60000000000002,10.0,18.0,13.0,531.0,542.0,1073.0,18.0,13.0,23.0
Chicago Bulls,2016/17,0.5,86.1,70.1,156.2,8.0,10.0,7.0,530.0,541.0,1071.0,19.0,14.0,24.0
Portland Trail Blazers,2016/17,0.5,80.0,61.5,141.5,18.0,21.0,21.0,558.0,550.0,1108.0,6.0,8.0,8.0
Denver Nuggets,2016/17,0.488,86.6,72.0,158.6,7.0,7.0,5.0,566.0,564.0,1130.0,3.0,1.0,3.0
Detroit Pistons,2016/17,0.451,77.7,65.6,143.3,21.0,14.0,19.0,533.0,542.0,1075.0,17.0,13.0,22.0
Charlotte Hornets,2016/17,0.439,78.1,72.9,151.0,20.0,6.0,10.0,543.0,545.0,1088.0,12.0,11.0,15.0
New Orleans Pelicans,2016/17,0.415,74.9,62.6,137.5,26.0,20.0,27.0,539.0,540.0,1079.0,15.0,15.0,19.0
Dallas Mavericks,2016/17,0.402,68.4,75.30000000000001,143.70000000000002,28.0,4.0,18.0,547.0,538.0,1085.0,9.0,16.0,16.0
Sacramento Kings,2016/17,0.39,77.3,61.2,138.5,22.0,22.0,24.0,560.0,556.0,1116.0,5.0,6.0,6.0
Minnesota Timberwolves,2016/17,0.3779999999999999,88.0,54.4,142.4,6.0,29.0,20.0,562.0,562.0,1124.0,4.0,2.0,4.0
New York Knicks,2016/17,0.3779999999999999,77.19999999999999,79.8,157.0,24.0,2.0,6.0,562.0,547.0,1109.0,4.0,10.0,7.0
Orlando Magic,2016/17,0.354,76.9,55.5,132.4,25.0,26.0,29.0,549.0,560.0,1109.0,7.0,4.0,7.0
Philadelphia 76ers,2016/17,0.341,59.5,68.4,127.9,30.0,11.0,30.0,546.0,549.0,1095.0,10.0,9.0,12.0
Los Angeles Lakers,2016/17,0.317,67.4,77.0,144.4,29.0,3.0,17.0,571.0,561.0,1132.0,2.0,3.0,2.0
Phoenix Suns,2016/17,0.293,73.6,67.6,141.2,27.0,12.0,22.0,562.0,560.0,1122.0,4.0,4.0,5.0
Brooklyn Nets,2016/17,0.244,83.5,54.9,138.4,11.0,27.0,25.0,664.0,559.0,1223.0,1.0,5.0,1.0
Golden State Warriors,2015/16,0.89,93.9,68.6,162.5,2.0,12.0,3.0,522.0,520.0,1042.0,19.0,19.0,25.0
San Antonio Spurs,2015/16,0.8170000000000001,89.69999999999999,79.2,168.89999999999998,3.0,1.0,1.0,499.0,491.0,990.0,25.0,22.0,29.0
Cleveland Cavaliers,2015/16,0.695,86.1,76.6,162.7,6.0,2.0,2.0,523.0,633.0,1156.0,18.0,1.0,1.0
Toronto Raptors,2015/16,0.6829999999999999,81.5,72.4,153.9,15.0,5.0,5.0,528.0,524.0,1052.0,15.0,17.0,20.0
Oklahoma City Thunder,2015/16,0.6709999999999999,94.6,59.2,153.79999999999998,1.0,26.0,6.0,525.0,536.0,1061.0,17.0,10.0,18.0
Los Angeles Clippers,2015/16,0.6459999999999999,89.3,58.9,148.2,4.0,28.0,13.0,521.0,525.0,1046.0,20.0,16.0,22.0
Atlanta Hawks,2015/16,0.585,81.69999999999999,67.3,149.0,14.0,13.0,11.0,506.0,515.0,1021.0,24.0,21.0,28.0
Boston Celtics,2015/16,0.585,80.8,69.3,150.1,16.0,11.0,8.0,519.0,517.0,1036.0,21.0,20.0,26.0
Charlotte Hornets,2015/16,0.585,83.10000000000001,66.4,149.5,11.0,15.0,10.0,522.0,521.0,1043.0,19.0,18.0,24.0
Miami Heat,2015/16,0.585,84.9,70.7,155.60000000000002,9.0,7.0,4.0,518.0,532.0,1050.0,22.0,13.0,21.0
Indiana Pacers,2015/16,0.5489999999999999,76.8,70.6,147.39999999999998,21.0,8.0,14.0,514.0,515.0,1029.0,23.0,21.0,27.0
Portland Trail Blazers,2015/16,0.537,82.0,64.8,146.8,13.0,19.0,15.0,541.0,537.0,1078.0,7.0,9.0,14.0
Detroit Pistons,2015/16,0.537,74.6,70.1,144.7,22.0,10.0,21.0,527.0,531.0,1058.0,16.0,14.0,19.0
Dallas Mavericks,2015/16,0.512,72.6,73.4,146.0,25.0,4.0,17.0,536.0,535.0,1071.0,12.0,11.0,16.0
Chicago Bulls,2015/16,0.512,83.0,59.0,142.0,12.0,27.0,24.0,535.0,537.0,1072.0,13.0,9.0,15.0
Memphis Grizzlies,2015/16,0.512,80.0,70.4,150.4,17.0,9.0,7.0,537.0,542.0,1079.0,11.0,8.0,13.0
Houston Rockets,2015/16,0.5,80.0,65.5,145.5,17.0,17.0,19.0,539.0,548.0,1087.0,9.0,5.0,9.0
Washington Wizards,2015/16,0.5,74.3,75.7,150.0,23.0,3.0,9.0,528.0,533.0,1061.0,15.0,12.0,18.0
Utah Jazz,2015/16,0.488,85.9,59.3,145.2,7.0,25.0,20.0,514.0,530.0,1044.0,23.0,15.0,23.0
Orlando Magic,2015/16,0.427,83.30000000000001,65.6,148.9,10.0,16.0,12.0,534.0,535.0,1069.0,14.0,11.0,17.0
Sacramento Kings,2015/16,0.402,85.8,63.1,148.9,8.0,22.0,12.0,538.0,546.0,1084.0,10.0,6.0,11.0
Denver Nuggets,2015/16,0.402,79.1,66.5,145.6,18.0,14.0,18.0,544.0,548.0,1092.0,5.0,5.0,7.0
Milwaukee Bucks,2015/16,0.402,86.1,60.3,146.39999999999998,6.0,24.0,16.0,540.0,546.0,1086.0,8.0,6.0,10.0
New York Knicks,2015/16,0.39,78.2,62.2,140.4,20.0,23.0,25.0,537.0,544.0,1081.0,11.0,7.0,12.0
New Orleans Pelicans,2015/16,0.366,78.9,63.8,142.7,19.0,21.0,23.0,547.0,548.0,1095.0,4.0,5.0,5.0
Minnesota Timberwolves,2015/16,0.354,88.0,55.8,143.8,5.0,29.0,22.0,544.0,562.0,1106.0,5.0,2.0,4.0
Phoenix Suns,2015/16,0.28,66.0,67.3,133.3,27.0,13.0,29.0,549.0,542.0,1091.0,3.0,8.0,8.0
Brooklyn Nets,2015/16,0.256,73.9,64.3,138.2,24.0,20.0,26.0,555.0,554.0,1109.0,2.0,3.0,3.0
Los Angeles Lakers,2015/16,0.207,70.3,65.2,135.5,26.0,18.0,27.0,558.0,562.0,1120.0,1.0,2.0,2.0
Philadelphia 76ers,2015/16,0.122,62.3,71.1,133.39999999999998,28.0,6.0,28.0,543.0,550.0,1093.0,6.0,4.0,6.0
Golden State Warriors,2014/15,0.8170000000000001,90.9,81.30000000000001,172.20000000000002,5.0,3.0,1.0,509.0,507.0,1016.0,22.0,25.0,30.0
Atlanta Hawks,2014/15,0.732,92.7,63.8,156.5,3.0,21.0,10.0,515.0,520.0,1035.0,20.0,18.0,24.0
Los Angeles Clippers,2014/15,0.6829999999999999,97.3,58.3,155.6,1.0,29.0,12.0,527.0,531.0,1058.0,12.0,10.0,16.0
Houston Rockets,2014/15,0.6829999999999999,76.5,77.8,154.3,24.0,8.0,13.0,523.0,509.0,1032.0,14.0,23.0,25.0
San Antonio Spurs,2014/15,0.6709999999999999,89.7,78.9,168.60000000000002,6.0,6.0,2.0,505.0,516.0,1021.0,23.0,20.0,28.0
Memphis Grizzlies,2014/15,0.6709999999999999,85.9,65.7,151.60000000000002,9.0,18.0,17.0,509.0,511.0,1020.0,22.0,22.0,29.0
Cleveland Cavaliers,2014/15,0.6459999999999999,96.3,61.5,157.8,2.0,26.0,7.0,531.0,533.0,1064.0,10.0,8.0,13.0
Portland Trail Blazers,2014/15,0.622,88.9,62.9,151.8,7.0,22.0,16.0,519.0,523.0,1042.0,17.0,15.0,22.0
Dallas Mavericks,2014/15,0.61,86.9,70.6,157.5,8.0,14.0,8.0,533.0,532.0,1065.0,9.0,9.0,12.0
Chicago Bulls,2014/15,0.61,85.3,66.9,152.2,10.0,17.0,14.0,520.0,528.0,1048.0,16.0,12.0,19.0
Toronto Raptors,2014/15,0.598,83.1,79.1,162.2,12.0,5.0,5.0,539.0,537.0,1076.0,7.0,7.0,8.0
Washington Wizards,2014/15,0.561,81.6,62.8,144.39999999999998,16.0,23.0,25.0,513.0,516.0,1029.0,21.0,20.0,27.0
Oklahoma City Thunder,2014/15,0.5489999999999999,84.7,70.9,155.60000000000002,11.0,13.0,11.0,527.0,525.0,1052.0,12.0,14.0,17.0
New Orleans Pelicans,2014/15,0.5489999999999999,92.3,69.8,162.1,4.0,15.0,6.0,533.0,540.0,1073.0,9.0,6.0,10.0
Milwaukee Bucks,2014/15,0.5,82.9,84.1,167.0,14.0,2.0,4.0,616.0,508.0,1124.0,1.0,24.0,3.0
Boston Celtics,2014/15,0.488,70.5,77.9,148.4,27.0,7.0,21.0,526.0,517.0,1043.0,13.0,19.0,21.0
Phoenix Suns,2014/15,0.476,77.1,79.5,156.6,23.0,4.0,9.0,533.0,527.0,1060.0,9.0,13.0,15.0
Utah Jazz,2014/15,0.4629999999999999,81.9,62.6,144.5,15.0,24.0,24.0,522.0,525.0,1047.0,15.0,14.0,20.0
Indiana Pacers,2014/15,0.4629999999999999,71.1,77.6,148.7,26.0,9.0,19.0,517.0,514.0,1031.0,18.0,21.0,26.0
Brooklyn Nets,2014/15,0.4629999999999999,78.7,71.2,149.9,18.0,12.0,18.0,544.0,525.0,1069.0,5.0,14.0,11.0
Miami Heat,2014/15,0.451,78.3,73.7,152.0,20.0,11.0,15.0,539.0,522.0,1061.0,7.0,16.0,14.0
Charlotte Hornets,2014/15,0.402,77.4,59.7,137.10000000000002,21.0,28.0,29.0,516.0,521.0,1037.0,19.0,17.0,23.0
Detroit Pistons,2014/15,0.39,77.19999999999999,90.8,168.0,22.0,1.0,3.0,530.0,648.0,1178.0,11.0,1.0,1.0
Denver Nuggets,2014/15,0.366,78.6,65.4,144.0,19.0,20.0,26.0,547.0,530.0,1077.0,4.0,11.0,7.0
Sacramento Kings,2014/15,0.354,83.0,62.1,145.1,13.0,25.0,22.0,541.0,557.0,1098.0,6.0,4.0,6.0
Orlando Magic,2014/15,0.305,77.4,59.8,137.20000000000002,21.0,27.0,28.0,537.0,537.0,1074.0,8.0,7.0,9.0
Los Angeles Lakers,2014/15,0.256,79.3,65.6,144.89999999999998,17.0,19.0,23.0,547.0,558.0,1105.0,4.0,3.0,4.0
Philadelphia 76ers,2014/15,0.22,65.7,56.6,122.3,29.0,30.0,30.0,522.0,528.0,1050.0,15.0,12.0,18.0
New York Knicks,2014/15,0.207,68.8,69.4,138.2,28.0,16.0,27.0,556.0,544.0,1100.0,3.0,5.0,5.0
Minnesota Timberwolves,2014/15,0.195,74.1,74.5,148.6,25.0,10.0,20.0,562.0,566.0,1128.0,2.0,2.0,2.0
San Antonio Spurs,2013/14,0.7559999999999999,88.69999999999999,80.2,168.89999999999998,5.0,3.0,3.0,512.0,513.0,1025.0,23.0,20.0,27.0
Oklahoma City Thunder,2013/14,0.72,88.60000000000001,64.1,152.7,6.0,20.0,11.0,521.0,520.0,1041.0,20.0,19.0,24.0
Los Angeles Clippers,2013/14,0.695,101.5,56.5,158.0,1.0,29.0,5.0,520.0,537.0,1057.0,21.0,10.0,21.0
Indiana Pacers,2013/14,0.6829999999999999,79.2,56.6,135.8,16.0,28.0,28.0,497.0,500.0,997.0,24.0,23.0,29.0
Houston Rockets,2013/14,0.659,94.1,59.3,153.4,2.0,24.0,8.0,530.0,531.0,1061.0,17.0,13.0,19.0
Miami Heat,2013/14,0.659,83.9,76.7,160.60000000000002,10.0,6.0,4.0,532.0,527.0,1059.0,16.0,15.0,20.0
Portland Trail Blazers,2013/14,0.659,89.6,58.1,147.7,4.0,25.0,16.0,537.0,537.0,1074.0,13.0,10.0,14.0
Golden State Warriors,2013/14,0.622,81.0,72.1,153.1,14.0,8.0,10.0,521.0,506.0,1027.0,20.0,22.0,26.0
Memphis Grizzlies,2013/14,0.61,77.2,92.3,169.5,20.0,1.0,1.0,530.0,617.0,1147.0,17.0,1.0,1.0
Dallas Mavericks,2013/14,0.598,85.2,84.1,169.3,8.0,2.0,2.0,547.0,536.0,1083.0,7.0,11.0,11.0
Phoenix Suns,2013/14,0.585,82.8,71.0,153.8,11.0,10.0,7.0,536.0,531.0,1067.0,14.0,13.0,17.0
Toronto Raptors,2013/14,0.585,82.0,66.89999999999999,148.89999999999998,13.0,15.0,14.0,528.0,525.0,1053.0,18.0,17.0,22.0
Chicago Bulls,2013/14,0.585,76.5,62.7,139.2,21.0,22.0,25.0,496.0,510.0,1006.0,25.0,21.0,28.0
Washington Wizards,2013/14,0.537,78.7,61.6,140.3,17.0,23.0,23.0,526.0,523.0,1049.0,19.0,18.0,23.0
Brooklyn Nets,2013/14,0.537,73.9,77.8,151.7,23.0,4.0,12.0,546.0,526.0,1072.0,8.0,16.0,15.0
Charlotte Bobcats,2013/14,0.524,78.4,64.2,142.60000000000002,18.0,19.0,20.0,519.0,520.0,1039.0,22.0,19.0,25.0
Minnesota Timberwolves,2013/14,0.488,92.0,57.9,149.9,3.0,27.0,13.0,532.0,533.0,1065.0,16.0,12.0,18.0
Atlanta Hawks,2013/14,0.4629999999999999,77.5,77.2,154.7,19.0,5.0,6.0,534.0,531.0,1065.0,15.0,13.0,18.0
New York Knicks,2013/14,0.451,73.6,74.9,148.5,24.0,7.0,15.0,552.0,542.0,1094.0,4.0,8.0,8.0
Denver Nuggets,2013/14,0.439,80.7,64.9,145.60000000000002,15.0,16.0,18.0,543.0,545.0,1088.0,9.0,7.0,10.0
New Orleans Pelicans,2013/14,0.415,86.4,66.9,153.3,7.0,14.0,9.0,549.0,550.0,1099.0,6.0,6.0,7.0
Cleveland Cavaliers,2013/14,0.402,77.5,64.7,142.2,19.0,17.0,21.0,539.0,542.0,1081.0,12.0,8.0,12.0
Detroit Pistons,2013/14,0.354,82.2,64.6,146.8,12.0,18.0,17.0,546.0,555.0,1101.0,8.0,4.0,6.0
Sacramento Kings,2013/14,0.341,85.0,51.3,136.3,9.0,30.0,27.0,541.0,550.0,1091.0,11.0,6.0,9.0
Los Angeles Lakers,2013/14,0.3289999999999999,73.6,71.3,144.89999999999998,24.0,9.0,19.0,558.0,552.0,1110.0,2.0,5.0,4.0
Boston Celtics,2013/14,0.305,67.19999999999999,70.4,137.6,28.0,11.0,26.0,539.0,538.0,1077.0,12.0,9.0,13.0
Utah Jazz,2013/14,0.305,75.4,58.1,133.5,22.0,26.0,29.0,560.0,560.0,1120.0,1.0,3.0,3.0
Orlando Magic,2013/14,0.28,71.8,70.0,141.8,25.0,12.0,22.0,542.0,528.0,1070.0,10.0,14.0,16.0
Philadelphia 76ers,2013/14,0.2319999999999999,69.1,62.8,131.89999999999998,27.0,21.0,30.0,550.0,552.0,1102.0,5.0,5.0,5.0
Milwaukee Bucks,2013/14,0.183,71.5,68.3,139.8,26.0,13.0,24.0,556.0,566.0,1122.0,3.0,2.0,2.0
Miami Heat,2012/13,0.805,103.6,53.1,156.7,1.0,28.0,5.0,518.0,527.0,1045.0,19.0,16.0,17.0
Oklahoma City Thunder,2012/13,0.732,100.4,55.1,155.5,2.0,26.0,6.0,514.0,518.0,1032.0,22.0,20.0,21.0
San Antonio Spurs,2012/13,0.7070000000000001,96.6,61.5,158.1,4.0,19.0,3.0,502.0,514.0,1016.0,24.0,23.0,23.0
Denver Nuggets,2012/13,0.695,84.0,83.0,167.0,10.0,1.0,1.0,532.0,523.0,1055.0,11.0,17.0,14.0
Los Angeles Clippers,2012/13,0.6829999999999999,98.3,62.0,160.3,3.0,18.0,2.0,516.0,518.0,1034.0,20.0,20.0,19.0
Memphis Grizzlies,2012/13,0.6829999999999999,82.4,56.9,139.3,16.0,25.0,25.0,498.0,515.0,1013.0,25.0,22.0,24.0
New York Knicks,2012/13,0.659,90.0,63.0,153.0,5.0,15.0,9.0,529.0,537.0,1066.0,14.0,10.0,10.0
Indiana Pacers,2012/13,0.605,82.60000000000001,54.3,136.9,15.0,27.0,28.0,496.0,508.0,1004.0,26.0,24.0,25.0
Brooklyn Nets,2012/13,0.598,83.5,69.6,153.1,11.0,9.0,8.0,529.0,530.0,1059.0,14.0,14.0,12.0
Golden State Warriors,2012/13,0.573,80.1,58.0,138.1,19.0,23.0,26.0,533.0,517.0,1050.0,10.0,21.0,15.0
Houston Rockets,2012/13,0.5489999999999999,81.4,71.4,152.8,17.0,7.0,10.0,531.0,535.0,1066.0,12.0,11.0,10.0
Los Angeles Lakers,2012/13,0.5489999999999999,83.0,63.4,146.4,12.0,14.0,13.0,528.0,544.0,1072.0,15.0,6.0,9.0
Chicago Bulls,2012/13,0.5489999999999999,82.9,57.0,139.9,13.0,24.0,23.0,513.0,520.0,1033.0,23.0,19.0,20.0
Atlanta Hawks,2012/13,0.537,82.8,61.2,144.0,14.0,20.0,18.0,520.0,527.0,1047.0,18.0,16.0,16.0
Utah Jazz,2012/13,0.524,86.7,62.9,149.6,7.0,16.0,12.0,530.0,542.0,1072.0,13.0,7.0,9.0
Boston Celtics,2012/13,0.506,78.4,67.4,145.8,22.0,10.0,16.0,516.0,515.0,1031.0,20.0,22.0,22.0
Dallas Mavericks,2012/13,0.5,85.80000000000001,72.2,158.0,9.0,5.0,4.0,534.0,528.0,1062.0,9.0,15.0,11.0
Milwaukee Bucks,2012/13,0.4629999999999999,82.9,60.4,143.3,13.0,21.0,19.0,523.0,532.0,1055.0,17.0,13.0,14.0
Toronto Raptors,2012/13,0.415,77.7,75.60000000000001,153.3,23.0,3.0,7.0,536.0,538.0,1074.0,8.0,9.0,8.0
Philadelphia 76ers,2012/13,0.415,79.0,58.0,137.0,20.0,23.0,27.0,525.0,537.0,1062.0,16.0,10.0,11.0
Portland Trail Blazers,2012/13,0.402,86.3,48.2,134.5,8.0,29.0,30.0,545.0,552.0,1097.0,4.0,3.0,4.0
Minnesota Timberwolves,2012/13,0.3779999999999999,78.6,63.6,142.2,21.0,12.0,20.0,528.0,528.0,1056.0,15.0,15.0,13.0
Washington Wizards,2012/13,0.354,70.60000000000001,70.7,141.3,27.0,8.0,21.0,515.0,521.0,1036.0,21.0,18.0,18.0
Detroit Pistons,2012/13,0.354,65.8,80.4,146.2,29.0,2.0,14.0,544.0,534.0,1078.0,5.0,12.0,7.0
Sacramento Kings,2012/13,0.341,80.6,63.9,144.5,18.0,11.0,17.0,558.0,562.0,1120.0,1.0,1.0,1.0
New Orleans Hornets,2012/13,0.3289999999999999,88.7,62.7,151.4,6.0,17.0,11.0,543.0,560.0,1103.0,6.0,2.0,3.0
Phoenix Suns,2012/13,0.305,76.1,63.5,139.6,25.0,13.0,24.0,541.0,539.0,1080.0,7.0,8.0,6.0
Cleveland Cavaliers,2012/13,0.293,72.7,73.2,145.9,26.0,4.0,15.0,549.0,548.0,1097.0,3.0,4.0,4.0
Charlotte Bobcats,2012/13,0.256,77.0,58.8,135.8,24.0,22.0,29.0,557.0,562.0,1119.0,2.0,1.0,2.0
Orlando Magic,2012/13,0.244,68.4,71.6,140.0,28.0,6.0,22.0,545.0,546.0,1091.0,4.0,5.0,5.0
Chicago Bulls,2011/12,0.758,79.3,82.9,162.2,19.0,1.0,3.0,491.0,492.0,983.0,27.0,22.0,27.0
San Antonio Spurs,2011/12,0.758,94.2,82.9,177.10000000000002,3.0,1.0,1.0,511.0,525.0,1036.0,20.0,11.0,17.0
Oklahoma City Thunder,2011/12,0.7120000000000001,97.9,51.3,149.2,2.0,24.0,12.0,512.0,523.0,1035.0,19.0,12.0,18.0
Miami Heat,2011/12,0.6970000000000001,99.8,49.0,148.8,1.0,28.0,13.0,496.0,513.0,1009.0,24.0,18.0,24.0
Indiana Pacers,2011/12,0.636,85.80000000000001,63.7,149.5,11.0,13.0,10.0,514.0,520.0,1034.0,18.0,15.0,19.0
Memphis Grizzlies,2011/12,0.621,83.4,60.7,144.10000000000002,14.0,19.0,19.0,506.0,516.0,1022.0,21.0,17.0,21.0
Los Angeles Lakers,2011/12,0.621,91.7,54.5,146.2,6.0,22.0,16.0,517.0,531.0,1048.0,16.0,9.0,13.0
Los Angeles Clippers,2011/12,0.606,92.0,60.1,152.1,5.0,21.0,8.0,527.0,534.0,1061.0,12.0,8.0,10.0
Atlanta Hawks,2011/12,0.606,85.1,62.7,147.8,13.0,15.0,15.0,503.0,510.0,1013.0,23.0,19.0,23.0
Boston Celtics,2011/12,0.591,86.4,49.7,136.10000000000002,9.0,27.0,27.0,492.0,492.0,984.0,26.0,22.0,26.0
Denver Nuggets,2011/12,0.5760000000000001,80.7,82.9,163.60000000000002,17.0,1.0,2.0,539.0,521.0,1060.0,6.0,14.0,11.0
Orlando Magic,2011/12,0.561,86.8,51.7,138.5,8.0,23.0,25.0,523.0,521.0,1044.0,14.0,14.0,15.0
New York Knicks,2011/12,0.545,80.3,69.0,149.3,18.0,6.0,11.0,505.0,509.0,1014.0,22.0,20.0,22.0
Dallas Mavericks,2011/12,0.545,79.1,66.2,145.3,20.0,12.0,18.0,515.0,509.0,1024.0,17.0,20.0,20.0
Utah Jazz,2011/12,0.545,93.2,60.9,154.1,4.0,18.0,6.0,526.0,535.0,1061.0,13.0,7.0,10.0
Philadelphia 76ers,2011/12,0.53,81.8,76.8,158.6,16.0,3.0,5.0,494.0,497.0,991.0,25.0,21.0,25.0
Houston Rockets,2011/12,0.515,78.1,74.9,153.0,22.0,5.0,7.0,529.0,525.0,1054.0,11.0,11.0,12.0
Phoenix Suns,2011/12,0.5,85.4,75.1,160.5,12.0,4.0,4.0,534.0,639.0,1173.0,9.0,1.0,1.0
Milwaukee Bucks,2011/12,0.47,86.0,62.3,148.3,10.0,17.0,14.0,526.0,535.0,1061.0,13.0,7.0,10.0
Portland Trail Blazers,2011/12,0.424,83.2,67.5,150.7,15.0,10.0,9.0,539.0,522.0,1061.0,6.0,13.0,10.0
Minnesota Timberwolves,2011/12,0.3939999999999999,74.5,68.7,143.2,25.0,8.0,20.0,530.0,541.0,1071.0,10.0,6.0,7.0
Detroit Pistons,2011/12,0.379,78.3,49.9,128.2,21.0,26.0,28.0,535.0,527.0,1062.0,8.0,10.0,9.0
Golden State Warriors,2011/12,0.348,83.4,62.5,145.9,14.0,16.0,17.0,550.0,541.0,1091.0,2.0,6.0,5.0
Toronto Raptors,2011/12,0.348,72.6,68.9,141.5,26.0,7.0,22.0,519.0,523.0,1042.0,15.0,12.0,16.0
Sacramento Kings,2011/12,0.3329999999999999,89.5,51.2,140.7,7.0,25.0,23.0,549.0,553.0,1102.0,3.0,3.0,3.0
New Jersey Nets,2011/12,0.3329999999999999,76.1,62.8,138.89999999999998,23.0,14.0,24.0,547.0,549.0,1096.0,4.0,4.0,4.0
New Orleans Hornets,2011/12,0.318,69.9,80.8,150.7,28.0,2.0,9.0,529.0,518.0,1047.0,11.0,16.0,14.0
Cleveland Cavaliers,2011/12,0.318,75.2,66.5,141.7,24.0,11.0,21.0,544.0,542.0,1086.0,5.0,5.0,6.0
Washington Wizards,2011/12,0.303,70.1,68.10000000000001,138.2,27.0,9.0,26.0,537.0,527.0,1064.0,7.0,10.0,8.0
Charlotte Bobcats,2011/12,0.106,67.2,60.4,127.6,29.0,20.0,29.0,551.0,554.0,1105.0,1.0,2.0,2.0
Chicago Bulls,2010/11,0.7559999999999999,85.9,63.6,149.5,9.0,15.0,12.0,500.0,503.0,1003.0,24.0,24.0,26.0
San Antonio Spurs,2010/11,0.7440000000000001,91.0,72.5,163.5,3.0,5.0,3.0,530.0,524.0,1054.0,16.0,21.0,20.0
Miami Heat,2010/11,0.7070000000000001,93.7,51.2,144.9,1.0,28.0,15.0,518.0,525.0,1043.0,21.0,20.0,23.0
Los Angeles Lakers,2010/11,0.695,86.7,61.9,148.6,7.0,18.0,14.0,523.0,524.0,1047.0,19.0,21.0,22.0
Dallas Mavericks,2010/11,0.695,89.1,60.2,149.3,5.0,20.0,13.0,522.0,533.0,1055.0,20.0,16.0,19.0
Boston Celtics,2010/11,0.6829999999999999,86.6,77.1,163.7,8.0,1.0,2.0,500.0,610.0,1110.0,24.0,2.0,4.0
Oklahoma City Thunder,2010/11,0.6709999999999999,91.7,60.7,152.4,2.0,19.0,7.0,532.0,546.0,1078.0,15.0,11.0,12.0
Orlando Magic,2010/11,0.634,84.2,59.5,143.7,13.0,22.0,17.0,507.0,517.0,1024.0,23.0,22.0,25.0
Denver Nuggets,2010/11,0.61,89.5,75.7,165.2,4.0,2.0,1.0,538.0,534.0,1072.0,12.0,15.0,15.0
Portland Trail Blazers,2010/11,0.585,83.0,70.1,153.1,16.0,8.0,6.0,540.0,531.0,1071.0,10.0,17.0,16.0
Memphis Grizzlies,2010/11,0.561,85.7,66.5,152.2,10.0,13.0,8.0,527.0,527.0,1054.0,17.0,19.0,20.0
New Orleans Hornets,2010/11,0.561,83.5,58.7,142.2,15.0,24.0,20.0,522.0,535.0,1057.0,20.0,14.0,18.0
Atlanta Hawks,2010/11,0.537,84.0,56.0,140.0,14.0,27.0,25.0,536.0,539.0,1075.0,13.0,13.0,13.0
Houston Rockets,2010/11,0.524,85.39999999999999,72.8,158.2,11.0,4.0,5.0,543.0,545.0,1088.0,9.0,12.0,11.0
New York Knicks,2010/11,0.512,84.4,75.5,159.9,12.0,3.0,4.0,550.0,551.0,1101.0,7.0,8.0,8.0
Philadelphia 76ers,2010/11,0.5,82.1,67.9,150.0,18.0,10.0,11.0,525.0,527.0,1052.0,18.0,19.0,21.0
Phoenix Suns,2010/11,0.488,82.7,68.8,151.5,17.0,9.0,9.0,551.0,553.0,1104.0,6.0,7.0,7.0
Utah Jazz,2010/11,0.476,86.80000000000001,49.7,136.5,6.0,29.0,26.0,552.0,554.0,1106.0,5.0,6.0,6.0
Indiana Pacers,2010/11,0.451,74.5,67.2,141.7,25.0,12.0,21.0,533.0,525.0,1058.0,14.0,20.0,17.0
Golden State Warriors,2010/11,0.439,85.7,57.2,142.9,10.0,25.0,19.0,559.0,550.0,1109.0,4.0,9.0,5.0
Milwaukee Bucks,2010/11,0.427,67.9,65.7,133.60000000000002,29.0,14.0,29.0,514.0,511.0,1025.0,22.0,23.0,24.0
Charlotte Bobcats,2010/11,0.415,72.2,72.0,144.2,27.0,7.0,16.0,544.0,530.0,1074.0,8.0,18.0,14.0
Los Angeles Clippers,2010/11,0.39,75.0,58.9,133.9,24.0,23.0,28.0,543.0,546.0,1089.0,9.0,11.0,10.0
Detroit Pistons,2010/11,0.366,78.8,72.2,151.0,20.0,6.0,10.0,563.0,556.0,1119.0,2.0,5.0,3.0
Sacramento Kings,2010/11,0.293,72.4,67.8,140.2,26.0,11.0,23.0,539.0,550.0,1089.0,11.0,9.0,10.0
New Jersey Nets,2010/11,0.293,72.10000000000001,57.1,129.20000000000002,28.0,26.0,30.0,552.0,548.0,1100.0,5.0,10.0,9.0
Washington Wizards,2010/11,0.28,78.1,62.6,140.7,21.0,17.0,22.0,550.0,554.0,1104.0,7.0,6.0,7.0
Toronto Raptors,2010/11,0.268,80.6,62.9,143.5,19.0,16.0,18.0,564.0,567.0,1131.0,1.0,3.0,2.0
Cleveland Cavaliers,2010/11,0.2319999999999999,75.1,59.8,134.89999999999998,23.0,21.0,27.0,561.0,558.0,1119.0,3.0,4.0,3.0
Minnesota Timberwolves,2010/11,0.207,77.2,62.9,140.1,22.0,16.0,24.0,552.0,675.0,1227.0,5.0,1.0,1.0
Cleveland Cavaliers,2009/10,0.7440000000000001,88.1,67.5,155.6,5.0,11.0,4.0,522.0,522.0,1044.0,21.0,20.0,23.0
Orlando Magic,2009/10,0.72,84.2,71.8,156.0,11.0,6.0,3.0,513.0,520.0,1033.0,24.0,22.0,26.0
Los Angeles Lakers,2009/10,0.695,82.1,63.0,145.1,14.0,19.0,20.0,517.0,524.0,1041.0,23.0,18.0,24.0
Dallas Mavericks,2009/10,0.6709999999999999,84.1,72.4,156.5,12.0,5.0,2.0,535.0,524.0,1059.0,15.0,18.0,18.0
Phoenix Suns,2009/10,0.659,89.80000000000001,74.4,164.20000000000002,3.0,3.0,1.0,552.0,552.0,1104.0,7.0,7.0,9.0
Utah Jazz,2009/10,0.6459999999999999,86.5,66.0,152.5,9.0,13.0,8.0,524.0,529.0,1053.0,20.0,15.0,20.0
Atlanta Hawks,2009/10,0.6459999999999999,91.1,60.2,151.29999999999998,2.0,25.0,9.0,532.0,536.0,1068.0,16.0,12.0,17.0
Denver Nuggets,2009/10,0.6459999999999999,87.19999999999999,66.5,153.7,6.0,12.0,5.0,543.0,535.0,1078.0,12.0,13.0,14.0
San Antonio Spurs,2009/10,0.61,91.4,62.2,153.60000000000002,1.0,21.0,6.0,525.0,521.0,1046.0,19.0,21.0,22.0
Oklahoma City Thunder,2009/10,0.61,81.3,60.8,142.1,16.0,23.0,23.0,525.0,522.0,1047.0,19.0,20.0,21.0
Portland Trail Blazers,2009/10,0.61,80.1,72.9,153.0,18.0,4.0,7.0,540.0,533.0,1073.0,13.0,14.0,16.0
Boston Celtics,2009/10,0.61,86.9,60.3,147.2,7.0,24.0,16.0,518.0,521.0,1039.0,22.0,21.0,25.0
Miami Heat,2009/10,0.573,89.5,55.2,144.7,4.0,27.0,21.0,517.0,527.0,1044.0,23.0,16.0,23.0
Milwaukee Bucks,2009/10,0.561,75.6,68.7,144.3,21.0,9.0,22.0,510.0,523.0,1033.0,25.0,19.0,26.0
Charlotte Bobcats,2009/10,0.537,73.2,65.7,138.9,25.0,14.0,25.0,518.0,515.0,1033.0,22.0,23.0,26.0
Houston Rockets,2009/10,0.512,69.3,79.9,149.2,28.0,1.0,12.0,538.0,547.0,1085.0,14.0,10.0,13.0
Chicago Bulls,2009/10,0.5,73.0,62.0,135.0,26.0,22.0,28.0,530.0,526.0,1056.0,18.0,17.0,19.0
Memphis Grizzlies,2009/10,0.488,85.19999999999999,52.8,138.0,10.0,29.0,26.0,551.0,548.0,1099.0,8.0,9.0,11.0
Toronto Raptors,2009/10,0.488,86.6,63.3,149.89999999999998,8.0,18.0,11.0,568.0,567.0,1135.0,1.0,1.0,1.0
New Orleans Hornets,2009/10,0.451,81.69999999999999,64.2,145.89999999999998,15.0,16.0,19.0,553.0,552.0,1105.0,6.0,7.0,8.0
Indiana Pacers,2009/10,0.39,74.5,62.8,137.3,23.0,20.0,27.0,531.0,543.0,1074.0,17.0,11.0,15.0
New York Knicks,2009/10,0.354,78.2,69.4,147.60000000000002,19.0,8.0,15.0,558.0,560.0,1118.0,4.0,3.0,3.0
Los Angeles Clippers,2009/10,0.354,77.0,71.5,148.5,20.0,7.0,14.0,545.0,551.0,1096.0,11.0,8.0,12.0
Philadelphia 76ers,2009/10,0.3289999999999999,82.5,63.8,146.3,13.0,17.0,18.0,546.0,560.0,1106.0,10.0,3.0,7.0
Detroit Pistons,2009/10,0.3289999999999999,75.3,71.5,146.8,22.0,7.0,17.0,553.0,561.0,1114.0,6.0,2.0,5.0
Golden State Warriors,2009/10,0.317,81.1,67.6,148.7,17.0,10.0,13.0,562.0,554.0,1116.0,2.0,5.0,4.0
Washington Wizards,2009/10,0.317,74.4,76.8,151.2,24.0,2.0,10.0,545.0,551.0,1096.0,11.0,8.0,12.0
Sacramento Kings,2009/10,0.305,75.3,65.3,140.6,22.0,15.0,24.0,550.0,553.0,1103.0,9.0,6.0,10.0
Minnesota Timberwolves,2009/10,0.183,69.1,58.2,127.29999999999998,29.0,26.0,29.0,559.0,561.0,1120.0,3.0,2.0,2.0
New Jersey Nets,2009/10,0.146,72.1,53.8,125.9,27.0,28.0,30.0,555.0,555.0,1110.0,5.0,4.0,6.0
Cleveland Cavaliers,2008/09,0.805,87.7,63.4,151.1,6.0,17.0,8.0,515.0,510.0,1025.0,23.0,23.0,26.0
Los Angeles Lakers,2008/09,0.7929999999999999,90.8,65.4,156.2,2.0,14.0,4.0,523.0,527.0,1050.0,21.0,18.0,22.0
Boston Celtics,2008/09,0.7559999999999999,88.2,63.6,151.8,4.0,16.0,7.0,509.0,514.0,1023.0,25.0,22.0,27.0
Orlando Magic,2008/09,0.72,78.0,69.6,147.6,21.0,5.0,13.0,511.0,516.0,1027.0,24.0,20.0,25.0
Portland Trail Blazers,2008/09,0.659,88.1,68.9,157.0,5.0,7.0,2.0,545.0,530.0,1075.0,11.0,17.0,17.0
San Antonio Spurs,2008/09,0.659,86.1,63.4,149.5,8.0,17.0,9.0,525.0,515.0,1040.0,20.0,21.0,23.0
Denver Nuggets,2008/09,0.659,87.0,67.9,154.9,7.0,9.0,5.0,536.0,531.0,1067.0,17.0,16.0,20.0
Houston Rockets,2008/09,0.6459999999999999,78.89999999999999,69.3,148.2,19.0,6.0,11.0,519.0,520.0,1039.0,22.0,19.0,24.0
Dallas Mavericks,2008/09,0.61,92.0,61.8,153.8,1.0,19.0,6.0,541.0,547.0,1088.0,14.0,8.0,12.0
New Orleans Hornets,2008/09,0.598,84.0,55.2,139.2,12.0,27.0,22.0,535.0,533.0,1068.0,18.0,14.0,19.0
Utah Jazz,2008/09,0.585,85.4,63.8,149.2,9.0,15.0,10.0,540.0,533.0,1073.0,15.0,14.0,18.0
Atlanta Hawks,2008/09,0.573,84.7,62.5,147.2,10.0,18.0,14.0,535.0,544.0,1079.0,18.0,11.0,14.0
Phoenix Suns,2008/09,0.561,89.9,83.1,173.0,3.0,1.0,1.0,557.0,673.0,1230.0,6.0,1.0,1.0
Miami Heat,2008/09,0.524,84.3,59.8,144.1,11.0,23.0,16.0,539.0,544.0,1083.0,16.0,11.0,13.0
Philadelphia 76ers,2008/09,0.5,81.8,61.6,143.39999999999998,15.0,20.0,18.0,539.0,539.0,1078.0,16.0,12.0,15.0
Chicago Bulls,2008/09,0.5,80.1,71.0,151.1,16.0,3.0,8.0,543.0,545.0,1088.0,13.0,10.0,12.0
Detroit Pistons,2008/09,0.476,77.5,66.30000000000001,143.8,22.0,12.0,17.0,544.0,532.0,1076.0,12.0,15.0,16.0
Indiana Pacers,2008/09,0.439,82.30000000000001,65.7,148.0,14.0,13.0,12.0,544.0,547.0,1091.0,12.0,8.0,11.0
Charlotte Bobcats,2008/09,0.427,80.1,53.8,133.89999999999998,16.0,28.0,25.0,529.0,537.0,1066.0,19.0,13.0,21.0
Milwaukee Bucks,2008/09,0.415,76.80000000000001,66.4,143.20000000000002,24.0,11.0,19.0,539.0,537.0,1076.0,16.0,13.0,16.0
New Jersey Nets,2008/09,0.415,83.2,57.0,140.2,13.0,25.0,20.0,556.0,554.0,1110.0,7.0,7.0,6.0
Toronto Raptors,2008/09,0.402,76.5,67.7,144.2,25.0,10.0,15.0,556.0,546.0,1102.0,7.0,9.0,8.0
New York Knicks,2008/09,0.39,79.4,60.1,139.5,17.0,22.0,21.0,553.0,555.0,1108.0,8.0,6.0,7.0
Golden State Warriors,2008/09,0.354,79.1,77.5,156.6,18.0,2.0,3.0,567.0,563.0,1130.0,2.0,4.0,4.0
Minnesota Timberwolves,2008/09,0.293,69.1,70.1,139.2,29.0,4.0,22.0,561.0,555.0,1116.0,4.0,6.0,5.0
Memphis Grizzlies,2008/09,0.293,77.4,52.4,129.8,23.0,29.0,28.0,551.0,546.0,1097.0,9.0,9.0,9.0
Oklahoma City Thunder,2008/09,0.28,74.2,56.8,131.0,26.0,26.0,26.0,550.0,545.0,1095.0,10.0,10.0,10.0
Washington Wizards,2008/09,0.2319999999999999,78.3,58.0,136.3,20.0,24.0,24.0,566.0,572.0,1138.0,3.0,3.0,3.0
Los Angeles Clippers,2008/09,0.2319999999999999,71.1,68.0,139.1,27.0,8.0,23.0,558.0,558.0,1116.0,5.0,5.0,5.0
Sacramento Kings,2008/09,0.207,69.3,61.1,130.39999999999998,28.0,21.0,27.0,573.0,576.0,1149.0,1.0,2.0,2.0
Boston Celtics,2007/08,0.805,90.2,67.9,158.10000000000002,4.0,11.0,7.0,492.0,496.0,988.0,25.0,26.0,25.0
Detroit Pistons,2007/08,0.72,88.7,71.2,159.9,5.0,6.0,5.0,515.0,509.0,1024.0,22.0,24.0,22.0
Los Angeles Lakers,2007/08,0.695,82.6,89.3,171.89999999999998,14.0,1.0,1.0,532.0,526.0,1058.0,14.0,23.0,20.0
New Orleans Hornets,2007/08,0.6829999999999999,92.6,51.2,143.8,2.0,29.0,15.0,528.0,534.0,1062.0,18.0,18.0,18.0
San Antonio Spurs,2007/08,0.6829999999999999,87.1,56.5,143.6,8.0,26.0,16.0,512.0,509.0,1021.0,23.0,24.0,23.0
Houston Rockets,2007/08,0.6709999999999999,81.9,74.8,156.7,16.0,3.0,9.0,509.0,499.0,1008.0,24.0,25.0,24.0
Phoenix Suns,2007/08,0.6709999999999999,87.0,75.9,162.9,9.0,2.0,2.0,547.0,527.0,1074.0,8.0,22.0,12.0
Utah Jazz,2007/08,0.659,93.5,64.7,158.2,1.0,13.0,6.0,531.0,537.0,1068.0,15.0,16.0,16.0
Orlando Magic,2007/08,0.634,83.8,60.3,144.1,12.0,19.0,14.0,526.0,533.0,1059.0,20.0,19.0,19.0
Dallas Mavericks,2007/08,0.622,91.9,70.7,162.60000000000002,3.0,7.0,3.0,527.0,528.0,1055.0,19.0,21.0,21.0
Denver Nuggets,2007/08,0.61,86.7,61.6,148.3,10.0,18.0,10.0,525.0,547.0,1072.0,21.0,8.0,13.0
Golden State Warriors,2007/08,0.585,88.5,69.5,158.0,6.0,8.0,8.0,548.0,546.0,1094.0,7.0,9.0,8.0
Cleveland Cavaliers,2007/08,0.5489999999999999,83.3,56.2,139.5,13.0,27.0,21.0,531.0,538.0,1069.0,15.0,15.0,15.0
Washington Wizards,2007/08,0.524,85.6,59.3,144.89999999999998,11.0,20.0,13.0,548.0,549.0,1097.0,7.0,7.0,6.0
Toronto Raptors,2007/08,0.5,87.3,73.5,160.8,7.0,4.0,4.0,530.0,540.0,1070.0,16.0,14.0,14.0
Portland Trail Blazers,2007/08,0.5,78.6,61.7,140.3,19.0,17.0,20.0,546.0,541.0,1087.0,9.0,13.0,10.0
Philadelphia 76ers,2007/08,0.488,76.8,66.5,143.3,22.0,12.0,17.0,529.0,535.0,1064.0,17.0,17.0,17.0
Sacramento Kings,2007/08,0.4629999999999999,82.0,63.2,145.2,15.0,14.0,12.0,548.0,554.0,1102.0,7.0,4.0,5.0
Atlanta Hawks,2007/08,0.451,83.3,58.3,141.6,13.0,24.0,18.0,541.0,556.0,1097.0,12.0,3.0,6.0
Indiana Pacers,2007/08,0.439,77.3,62.2,139.5,21.0,16.0,21.0,534.0,542.0,1076.0,13.0,12.0,11.0
New Jersey Nets,2007/08,0.415,79.1,58.4,137.5,18.0,23.0,23.0,547.0,545.0,1092.0,8.0,10.0,9.0
Chicago Bulls,2007/08,0.402,71.9,69.4,141.3,27.0,9.0,19.0,542.0,532.0,1074.0,11.0,20.0,12.0
Charlotte Bobcats,2007/08,0.39,77.8,57.7,135.5,20.0,25.0,25.0,544.0,553.0,1097.0,10.0,5.0,6.0
Milwaukee Bucks,2007/08,0.317,80.5,53.400000000000006,133.9,17.0,28.0,27.0,564.0,564.0,1128.0,1.0,1.0,1.0
New York Knicks,2007/08,0.28,75.8,59.1,134.9,24.0,21.0,26.0,559.0,562.0,1121.0,3.0,2.0,2.0
Los Angeles Clippers,2007/08,0.28,73.2,59.0,132.2,26.0,22.0,29.0,544.0,550.0,1094.0,10.0,6.0,8.0
Memphis Grizzlies,2007/08,0.268,75.9,71.4,147.3,23.0,5.0,11.0,560.0,554.0,1114.0,2.0,4.0,3.0
Minnesota Timberwolves,2007/08,0.268,75.5,62.3,137.8,25.0,15.0,22.0,558.0,556.0,1114.0,4.0,3.0,3.0
Seattle SuperSonics,2007/08,0.244,66.5,69.1,135.6,29.0,10.0,24.0,551.0,544.0,1095.0,6.0,11.0,7.0
Miami Heat,2007/08,0.183,70.3,63.2,133.5,28.0,14.0,28.0,553.0,550.0,1103.0,5.0,6.0,4.0
Dallas Mavericks,2006/07,0.8170000000000001,97.4,55.8,153.2,2.0,27.0,8.0,516.0,514.0,1030.0,20.0,21.0,24.0
Phoenix Suns,2006/07,0.7440000000000001,98.1,59.900000000000006,158.0,1.0,23.0,3.0,531.0,538.0,1069.0,14.0,14.0,16.0
San Antonio Spurs,2006/07,0.7070000000000001,92.4,61.900000000000006,154.3,3.0,17.0,6.0,500.0,500.0,1000.0,23.0,22.0,27.0
Detroit Pistons,2006/07,0.6459999999999999,89.2,71.4,160.60000000000002,5.0,5.0,1.0,521.0,514.0,1035.0,18.0,21.0,23.0
Houston Rockets,2006/07,0.634,74.6,75.9,150.5,28.0,2.0,11.0,509.0,492.0,1001.0,21.0,23.0,26.0
Utah Jazz,2006/07,0.622,85.0,66.8,151.8,11.0,12.0,9.0,534.0,537.0,1071.0,12.0,15.0,14.0
Cleveland Cavaliers,2006/07,0.61,85.5,55.6,141.1,10.0,28.0,22.0,500.0,518.0,1018.0,23.0,20.0,25.0
Chicago Bulls,2006/07,0.598,80.39999999999999,59.0,139.39999999999998,17.0,24.0,24.0,502.0,491.0,993.0,22.0,24.0,28.0
Toronto Raptors,2006/07,0.573,81.3,67.9,149.2,14.0,9.0,13.0,527.0,534.0,1061.0,15.0,16.0,18.0
Denver Nuggets,2006/07,0.5489999999999999,90.9,56.5,147.4,4.0,26.0,17.0,523.0,538.0,1061.0,17.0,14.0,18.0
Miami Heat,2006/07,0.537,79.89999999999999,73.9,153.8,19.0,4.0,7.0,527.0,525.0,1052.0,15.0,19.0,21.0
Los Angeles Lakers,2006/07,0.512,83.9,66.9,150.8,12.0,11.0,10.0,542.0,542.0,1084.0,7.0,10.0,8.0
Golden State Warriors,2006/07,0.512,79.9,75.3,155.2,18.0,3.0,4.0,534.0,544.0,1078.0,12.0,9.0,11.0
Washington Wizards,2006/07,0.5,88.6,66.2,154.8,6.0,13.0,5.0,558.0,547.0,1105.0,3.0,7.0,6.0
New Jersey Nets,2006/07,0.5,72.8,55.0,127.8,29.0,29.0,30.0,532.0,538.0,1070.0,13.0,14.0,15.0
Orlando Magic,2006/07,0.488,79.3,60.7,140.0,21.0,22.0,23.0,518.0,528.0,1046.0,19.0,18.0,22.0
Los Angeles Clippers,2006/07,0.488,80.7,62.6,143.3,15.0,16.0,20.0,526.0,533.0,1059.0,16.0,17.0,19.0
New Orleans/Oklahoma City Hornets,2006/07,0.476,79.5,68.7,148.2,20.0,8.0,15.0,532.0,534.0,1066.0,13.0,16.0,17.0
Indiana Pacers,2006/07,0.427,74.7,67.5,142.2,26.0,10.0,21.0,521.0,533.0,1054.0,18.0,17.0,20.0
Philadelphia 76ers,2006/07,0.427,74.60000000000001,60.8,135.4,27.0,21.0,27.0,536.0,540.0,1076.0,11.0,12.0,12.0
Sacramento Kings,2006/07,0.402,80.4,58.6,139.0,16.0,25.0,25.0,541.0,539.0,1080.0,8.0,13.0,10.0
New York Knicks,2006/07,0.402,77.5,69.3,146.8,22.0,6.0,18.0,547.0,537.0,1084.0,6.0,15.0,8.0
Charlotte Bobcats,2006/07,0.402,75.9,83.8,159.7,24.0,1.0,2.0,537.0,648.0,1185.0,10.0,2.0,2.0
Minnesota Timberwolves,2006/07,0.39,75.7,61.8,137.5,25.0,18.0,26.0,542.0,649.0,1191.0,7.0,1.0,1.0
Portland Trail Blazers,2006/07,0.39,77.3,69.2,146.5,23.0,7.0,19.0,555.0,548.0,1103.0,4.0,6.0,7.0
Seattle SuperSonics,2006/07,0.3779999999999999,86.6,60.9,147.5,7.0,20.0,16.0,551.0,557.0,1108.0,5.0,4.0,5.0
Atlanta Hawks,2006/07,0.366,83.0,51.7,134.7,13.0,30.0,28.0,538.0,545.0,1083.0,9.0,8.0,9.0
Milwaukee Bucks,2006/07,0.341,85.7,63.8,149.5,9.0,14.0,12.0,561.0,554.0,1115.0,2.0,5.0,4.0
Boston Celtics,2006/07,0.293,72.6,61.2,133.8,30.0,19.0,29.0,532.0,541.0,1073.0,13.0,11.0,13.0
Memphis Grizzlies,2006/07,0.268,86.2,62.8,149.0,8.0,15.0,14.0,563.0,561.0,1124.0,1.0,3.0,3.0
Detroit Pistons,2005/06,0.78,91.5,68.7,160.2,2.0,6.0,2.0,516.0,520.0,1036.0,23.0,21.0,21.0
San Antonio Spurs,2005/06,0.768,88.1,65.3,153.39999999999998,5.0,8.0,3.0,498.0,498.0,996.0,27.0,26.0,26.0
Dallas Mavericks,2005/06,0.732,94.6,68.8,163.39999999999998,1.0,5.0,1.0,526.0,525.0,1051.0,17.0,17.0,18.0
Phoenix Suns,2005/06,0.659,90.3,59.0,149.3,3.0,20.0,7.0,531.0,532.0,1063.0,13.0,13.0,12.0
Miami Heat,2005/06,0.634,76.2,74.0,150.2,21.0,3.0,6.0,525.0,523.0,1048.0,18.0,19.0,19.0
Cleveland Cavaliers,2005/06,0.61,85.0,61.0,146.0,7.0,17.0,11.0,530.0,526.0,1056.0,14.0,16.0,15.0
Memphis Grizzlies,2005/06,0.598,83.9,65.3,149.2,8.0,8.0,8.0,507.0,512.0,1019.0,26.0,25.0,25.0
New Jersey Nets,2005/06,0.598,79.6,47.3,126.9,18.0,27.0,28.0,510.0,512.0,1022.0,25.0,25.0,24.0
Los Angeles Clippers,2005/06,0.573,83.3,61.7,145.0,10.0,16.0,14.0,517.0,521.0,1038.0,22.0,20.0,20.0
Los Angeles Lakers,2005/06,0.5489999999999999,81.4,58.3,139.7,13.0,22.0,21.0,527.0,530.0,1057.0,16.0,14.0,14.0
Sacramento Kings,2005/06,0.537,82.4,61.7,144.10000000000002,11.0,16.0,16.0,528.0,524.0,1052.0,15.0,18.0,17.0
Denver Nuggets,2005/06,0.537,79.8,67.8,147.6,17.0,7.0,10.0,519.0,534.0,1053.0,21.0,11.0,16.0
Washington Wizards,2005/06,0.512,83.8,58.1,141.9,9.0,23.0,18.0,540.0,536.0,1076.0,7.0,10.0,8.0
Indiana Pacers,2005/06,0.5,73.9,74.4,148.3,24.0,2.0,9.0,514.0,516.0,1030.0,24.0,22.0,23.0
Chicago Bulls,2005/06,0.5,74.80000000000001,62.3,137.10000000000002,22.0,15.0,24.0,521.0,515.0,1036.0,19.0,23.0,21.0
Utah Jazz,2005/06,0.5,79.4,58.9,138.3,19.0,21.0,22.0,533.0,545.0,1078.0,11.0,6.0,6.0
Milwaukee Bucks,2005/06,0.488,74.4,74.9,149.3,23.0,1.0,7.0,537.0,534.0,1071.0,9.0,11.0,10.0
Philadelphia 76ers,2005/06,0.4629999999999999,82.1,59.3,141.39999999999998,12.0,19.0,20.0,543.0,537.0,1080.0,6.0,9.0,5.0
New Orleans/Oklahoma City Hornets,2005/06,0.4629999999999999,79.8,64.2,144.0,17.0,12.0,17.0,533.0,542.0,1075.0,11.0,7.0,9.0
Orlando Magic,2005/06,0.439,78.6,72.9,151.5,20.0,4.0,5.0,538.0,539.0,1077.0,8.0,8.0,7.0
Seattle SuperSonics,2005/06,0.427,85.3,67.8,153.1,6.0,7.0,4.0,574.0,569.0,1143.0,1.0,1.0,1.0
Golden State Warriors,2005/06,0.415,80.7,60.8,141.5,15.0,18.0,19.0,532.0,529.0,1061.0,12.0,15.0,13.0
Houston Rockets,2005/06,0.415,71.5,62.5,134.0,25.0,14.0,27.0,520.0,513.0,1033.0,20.0,24.0,22.0
Boston Celtics,2005/06,0.402,80.7,65.0,145.7,15.0,9.0,12.0,536.0,530.0,1066.0,10.0,14.0,11.0
Minnesota Timberwolves,2005/06,0.402,81.3,63.6,144.89999999999998,14.0,13.0,15.0,526.0,526.0,1052.0,17.0,16.0,17.0
Toronto Raptors,2005/06,0.3289999999999999,88.4,49.1,137.5,4.0,26.0,23.0,562.0,562.0,1124.0,3.0,3.0,2.0
Charlotte Bobcats,2005/06,0.317,80.2,64.9,145.10000000000002,16.0,10.0,13.0,533.0,533.0,1066.0,11.0,12.0,11.0
Atlanta Hawks,2005/06,0.317,80.2,55.7,135.9,16.0,25.0,25.0,554.0,565.0,1119.0,5.0,2.0,3.0
New York Knicks,2005/06,0.28,79.6,56.1,135.7,18.0,24.0,26.0,558.0,552.0,1110.0,4.0,4.0,4.0
Portland Trail Blazers,2005/06,0.256,71.3,64.4,135.7,26.0,11.0,26.0,569.0,550.0,1119.0,2.0,5.0,3.0
Phoenix Suns,2004/05,0.7559999999999999,99.0,56.0,155.0,2.0,25.0,4.0,534.0,547.0,1081.0,11.0,4.0,11.0
San Antonio Spurs,2004/05,0.72,88.8,71.8,160.6,5.0,4.0,2.0,491.0,498.0,989.0,21.0,21.0,29.0
Miami Heat,2004/05,0.72,94.7,55.6,150.3,3.0,26.0,11.0,516.0,519.0,1035.0,17.0,16.0,24.0
Dallas Mavericks,2004/05,0.7070000000000001,90.5,67.9,158.4,4.0,9.0,3.0,525.0,516.0,1041.0,14.0,17.0,21.0
Detroit Pistons,2004/05,0.659,85.0,57.9,142.9,12.0,23.0,20.0,507.0,508.0,1015.0,19.0,19.0,27.0
Seattle SuperSonics,2004/05,0.634,85.89999999999999,65.6,151.5,8.0,13.0,9.0,551.0,542.0,1093.0,3.0,8.0,6.0
Houston Rockets,2004/05,0.622,85.1,61.4,146.5,11.0,16.0,12.0,511.0,507.0,1018.0,18.0,20.0,26.0
Sacramento Kings,2004/05,0.61,107.9,67.5,175.4,1.0,10.0,1.0,649.0,536.0,1185.0,1.0,11.0,1.0
Denver Nuggets,2004/05,0.598,85.8,65.8,151.6,9.0,12.0,8.0,519.0,519.0,1038.0,16.0,16.0,23.0
Chicago Bulls,2004/05,0.573,66.5,68.5,135.0,29.0,7.0,25.0,500.0,507.0,1007.0,20.0,20.0,28.0
Memphis Grizzlies,2004/05,0.5489999999999999,73.9,79.6,153.5,27.0,1.0,5.0,520.0,507.0,1027.0,15.0,20.0,25.0
Boston Celtics,2004/05,0.5489999999999999,81.7,71.1,152.8,14.0,5.0,6.0,537.0,527.0,1064.0,8.0,14.0,17.0
Washington Wizards,2004/05,0.5489999999999999,87.5,58.3,145.8,6.0,20.0,14.0,536.0,538.0,1074.0,9.0,10.0,14.0
Minnesota Timberwolves,2004/05,0.537,78.8,72.9,151.7,21.0,3.0,7.0,542.0,527.0,1069.0,6.0,14.0,16.0
Indiana Pacers,2004/05,0.537,73.6,76.9,150.5,28.0,2.0,10.0,532.0,514.0,1046.0,12.0,18.0,20.0
Philadelphia 76ers,2004/05,0.524,79.8,55.1,134.9,19.0,27.0,26.0,520.0,527.0,1047.0,15.0,14.0,19.0
Cleveland Cavaliers,2004/05,0.512,86.3,55.6,141.9,7.0,26.0,21.0,528.0,532.0,1060.0,13.0,12.0,18.0
New Jersey Nets,2004/05,0.512,77.9,57.900000000000006,135.8,23.0,22.0,24.0,516.0,524.0,1040.0,17.0,15.0,22.0
Los Angeles Clippers,2004/05,0.451,78.9,67.3,146.2,20.0,11.0,13.0,534.0,530.0,1064.0,11.0,13.0,17.0
Orlando Magic,2004/05,0.439,80.7,63.1,143.8,16.0,14.0,17.0,536.0,543.0,1079.0,9.0,7.0,13.0
Golden State Warriors,2004/05,0.415,76.4,69.8,146.2,25.0,6.0,13.0,532.0,539.0,1071.0,12.0,9.0,15.0
Los Angeles Lakers,2004/05,0.415,85.5,58.1,143.6,10.0,21.0,18.0,555.0,558.0,1113.0,2.0,2.0,3.0
Toronto Raptors,2004/05,0.402,84.9,59.3,144.2,13.0,18.0,16.0,542.0,542.0,1084.0,6.0,8.0,9.0
New York Knicks,2004/05,0.402,80.5,61.4,141.9,17.0,16.0,21.0,543.0,542.0,1085.0,5.0,8.0,8.0
Milwaukee Bucks,2004/05,0.366,80.3,62.900000000000006,143.2,18.0,15.0,19.0,550.0,546.0,1096.0,4.0,5.0,5.0
Portland Trail Blazers,2004/05,0.3289999999999999,76.7,68.0,144.7,24.0,8.0,15.0,535.0,545.0,1080.0,10.0,6.0,12.0
Utah Jazz,2004/05,0.317,78.69999999999999,60.7,139.39999999999998,22.0,17.0,23.0,550.0,547.0,1097.0,4.0,4.0,4.0
Charlotte Bobcats,2004/05,0.22,81.4,58.5,139.9,15.0,19.0,22.0,532.0,554.0,1086.0,12.0,3.0,7.0
New Orleans Hornets,2004/05,0.22,74.4,49.8,124.2,26.0,28.0,28.0,540.0,543.0,1083.0,7.0,7.0,10.0
Atlanta Hawks,2004/05,0.159,76.7,57.7,134.4,24.0,24.0,27.0,555.0,561.0,1116.0,2.0,1.0,2.0
Indiana Pacers,2003/04,0.7440000000000001,86.5,65.3,151.8,7.0,15.0,11.0,484.0,495.0,979.0,24.0,23.0,23.0
Minnesota Timberwolves,2003/04,0.7070000000000001,88.7,57.3,146.0,3.0,26.0,13.0,500.0,499.0,999.0,21.0,21.0,20.0
San Antonio Spurs,2003/04,0.695,84.8,69.0,153.8,8.0,11.0,9.0,470.0,472.0,942.0,26.0,26.0,25.0
Los Angeles Lakers,2003/04,0.6829999999999999,88.4,64.0,152.4,4.0,17.0,10.0,506.0,510.0,1016.0,19.0,18.0,18.0
Sacramento Kings,2003/04,0.6709999999999999,90.8,72.5,163.3,2.0,7.0,2.0,525.0,523.0,1048.0,9.0,10.0,9.0
Detroit Pistons,2003/04,0.659,84.30000000000001,70.10000000000001,154.40000000000003,9.0,9.0,8.0,478.0,479.0,957.0,25.0,25.0,24.0
Dallas Mavericks,2003/04,0.634,97.8,73.0,170.8,1.0,4.0,1.0,540.0,530.0,1070.0,4.0,6.0,4.0
Memphis Grizzlies,2003/04,0.61,87.6,72.6,160.2,6.0,6.0,4.0,516.0,506.0,1022.0,14.0,20.0,16.0
New Jersey Nets,2003/04,0.573,81.2,58.0,139.2,12.0,25.0,23.0,488.0,496.0,984.0,23.0,22.0,22.0
Houston Rockets,2003/04,0.5489999999999999,77.6,61.4,139.0,21.0,19.0,24.0,497.0,494.0,991.0,22.0,24.0,21.0
Denver Nuggets,2003/04,0.524,82.5,72.8,155.3,11.0,5.0,7.0,513.0,512.0,1025.0,16.0,16.0,15.0
Miami Heat,2003/04,0.512,78.6,61.2,139.8,20.0,20.0,22.0,507.0,511.0,1018.0,18.0,17.0,17.0
Utah Jazz,2003/04,0.512,77.5,58.4,135.9,22.0,23.0,27.0,515.0,527.0,1042.0,15.0,8.0,12.0
Milwaukee Bucks,2003/04,0.5,80.8,78.3,159.1,14.0,2.0,5.0,531.0,521.0,1052.0,5.0,12.0,7.0
Portland Trail Blazers,2003/04,0.5,79.9,81.5,161.4,17.0,1.0,3.0,528.0,522.0,1050.0,7.0,11.0,8.0
New Orleans Hornets,2003/04,0.5,81.1,63.6,144.7,13.0,18.0,17.0,511.0,514.0,1025.0,17.0,15.0,15.0
New York Knicks,2003/04,0.476,77.1,68.3,145.39999999999998,23.0,13.0,14.0,524.0,515.0,1039.0,10.0,14.0,13.0
Seattle SuperSonics,2003/04,0.451,88.0,67.5,155.5,5.0,14.0,6.0,543.0,539.0,1082.0,2.0,3.0,3.0
Golden State Warriors,2003/04,0.451,73.4,74.4,147.8,26.0,3.0,12.0,519.0,525.0,1044.0,13.0,9.0,11.0
Boston Celtics,2003/04,0.439,73.3,71.9,145.2,27.0,8.0,15.0,520.0,522.0,1042.0,12.0,11.0,12.0
Cleveland Cavaliers,2003/04,0.427,82.7,60.9,143.6,10.0,21.0,18.0,520.0,528.0,1048.0,12.0,7.0,9.0
Philadelphia 76ers,2003/04,0.402,78.7,58.1,136.8,19.0,24.0,26.0,507.0,515.0,1022.0,18.0,14.0,16.0
Toronto Raptors,2003/04,0.402,79.7,41.9,121.6,18.0,27.0,29.0,502.0,511.0,1013.0,20.0,17.0,19.0
Phoenix Suns,2003/04,0.354,74.4,68.89999999999999,143.3,25.0,12.0,19.0,529.0,533.0,1062.0,6.0,5.0,6.0
Los Angeles Clippers,2003/04,0.341,80.6,57.3,137.89999999999998,15.0,26.0,25.0,541.0,549.0,1090.0,3.0,2.0,2.0
Atlanta Hawks,2003/04,0.341,75.2,69.6,144.8,24.0,10.0,16.0,528.0,535.0,1063.0,7.0,4.0,5.0
Washington Wizards,2003/04,0.305,67.4,72.5,139.9,28.0,7.0,21.0,527.0,520.0,1047.0,8.0,13.0,10.0
Chicago Bulls,2003/04,0.28,67.0,64.2,131.2,29.0,16.0,28.0,521.0,508.0,1029.0,11.0,19.0,14.0
Orlando Magic,2003/04,0.256,80.1,60.0,140.1,16.0,22.0,20.0,553.0,551.0,1104.0,1.0,1.0,1.0
Dallas Mavericks,2002/03,0.732,99.7,62.4,162.1,1.0,15.0,2.0,511.0,511.0,1022.0,14.0,17.0,18.0
San Antonio Spurs,2002/03,0.732,83.1,68.4,151.5,13.0,8.0,8.0,498.0,500.0,998.0,18.0,22.0,25.0
Sacramento Kings,2002/03,0.72,88.7,68.2,156.9,4.0,9.0,4.0,495.0,506.0,1001.0,19.0,19.0,24.0
Minnesota Timberwolves,2002/03,0.622,77.89999999999999,76.3,154.2,22.0,3.0,7.0,520.0,523.0,1043.0,11.0,9.0,12.0
Detroit Pistons,2002/03,0.61,84.39999999999999,62.5,146.89999999999998,8.0,14.0,12.0,498.0,508.0,1006.0,18.0,18.0,23.0
Portland Trail Blazers,2002/03,0.61,80.9,77.0,157.9,17.0,2.0,3.0,512.0,516.0,1028.0,13.0,13.0,16.0
Los Angeles Lakers,2002/03,0.61,91.9,48.3,140.2,3.0,27.0,20.0,522.0,531.0,1053.0,10.0,7.0,9.0
New Jersey Nets,2002/03,0.598,87.5,53.7,141.2,5.0,23.0,19.0,492.0,495.0,987.0,20.0,23.0,26.0
Indiana Pacers,2002/03,0.585,84.1,64.0,148.1,10.0,13.0,11.0,498.0,513.0,1011.0,18.0,15.0,21.0
Philadelphia 76ers,2002/03,0.585,83.19999999999999,67.2,150.39999999999998,12.0,10.0,9.0,513.0,512.0,1025.0,12.0,16.0,17.0
Utah Jazz,2002/03,0.573,92.9,53.5,146.4,2.0,24.0,13.0,511.0,519.0,1030.0,14.0,11.0,15.0
New Orleans Hornets,2002/03,0.573,83.0,61.8,144.8,14.0,16.0,16.0,509.0,504.0,1013.0,16.0,20.0,20.0
Phoenix Suns,2002/03,0.537,81.4,53.9,135.3,16.0,22.0,24.0,512.0,519.0,1031.0,13.0,11.0,14.0
Boston Celtics,2002/03,0.537,74.9,59.6,134.5,25.0,17.0,25.0,509.0,508.0,1017.0,16.0,18.0,19.0
Houston Rockets,2002/03,0.524,85.5,58.0,143.5,7.0,18.0,17.0,510.0,518.0,1028.0,15.0,12.0,16.0
Milwaukee Bucks,2002/03,0.512,86.9,80.19999999999999,167.1,6.0,1.0,1.0,543.0,548.0,1091.0,2.0,2.0,2.0
Orlando Magic,2002/03,0.512,80.5,65.7,146.2,19.0,11.0,14.0,531.0,520.0,1051.0,6.0,10.0,10.0
Seattle SuperSonics,2002/03,0.488,79.4,75.0,154.4,21.0,4.0,6.0,524.0,515.0,1039.0,9.0,14.0,13.0
Golden State Warriors,2002/03,0.4629999999999999,84.10000000000001,72.3,156.4,9.0,5.0,5.0,547.0,549.0,1096.0,1.0,1.0,1.0
Washington Wizards,2002/03,0.451,82.5,55.5,138.0,15.0,21.0,23.0,525.0,519.0,1044.0,8.0,11.0,11.0
New York Knicks,2002/03,0.451,77.3,64.8,142.1,23.0,12.0,18.0,530.0,533.0,1063.0,7.0,6.0,7.0
Atlanta Hawks,2002/03,0.427,80.3,53.4,133.7,20.0,25.0,26.0,530.0,534.0,1064.0,7.0,5.0,6.0
Chicago Bulls,2002/03,0.366,66.89999999999999,72.3,139.2,28.0,5.0,22.0,532.0,524.0,1056.0,5.0,8.0,8.0
Memphis Grizzlies,2002/03,0.341,80.7,69.4,150.10000000000002,18.0,7.0,10.0,540.0,536.0,1076.0,3.0,4.0,3.0
Los Angeles Clippers,2002/03,0.3289999999999999,83.3,56.3,139.6,11.0,20.0,21.0,530.0,540.0,1070.0,7.0,3.0,4.0
Miami Heat,2002/03,0.305,70.69999999999999,56.9,127.6,27.0,19.0,27.0,512.0,513.0,1025.0,13.0,15.0,17.0
Toronto Raptors,2002/03,0.293,73.8,72.1,145.89999999999998,26.0,6.0,15.0,536.0,534.0,1070.0,4.0,5.0,4.0
Denver Nuggets,2002/03,0.207,61.3,50.7,112.0,29.0,26.0,29.0,506.0,502.0,1008.0,17.0,21.0,22.0
Cleveland Cavaliers,2002/03,0.207,75.4,47.4,122.8,24.0,28.0,28.0,532.0,533.0,1065.0,5.0,6.0,5.0
Sacramento Kings,2001/02,0.7440000000000001,90.8,73.6,164.39999999999998,3.0,3.0,2.0,507.0,507.0,1014.0,20.0,18.0,21.0
Los Angeles Lakers,2001/02,0.7070000000000001,92.7,62.8,155.5,1.0,17.0,3.0,509.0,511.0,1020.0,19.0,17.0,19.0
San Antonio Spurs,2001/02,0.7070000000000001,86.3,62.89999999999999,149.2,6.0,16.0,9.0,502.0,502.0,1004.0,22.0,20.0,23.0
Dallas Mavericks,2001/02,0.695,91.7,88.2,179.9,2.0,1.0,1.0,540.0,640.0,1180.0,4.0,1.0,1.0
New Jersey Nets,2001/02,0.634,79.1,71.1,150.2,17.0,5.0,8.0,498.0,500.0,998.0,24.0,21.0,25.0
Minnesota Timberwolves,2001/02,0.61,83.6,69.8,153.39999999999998,8.0,7.0,5.0,529.0,531.0,1060.0,10.0,8.0,8.0
Detroit Pistons,2001/02,0.61,83.3,64.1,147.39999999999998,9.0,11.0,12.0,510.0,523.0,1033.0,18.0,12.0,17.0
Portland Trail Blazers,2001/02,0.598,83.9,70.9,154.8,7.0,6.0,4.0,518.0,527.0,1045.0,15.0,11.0,13.0
Boston Celtics,2001/02,0.598,76.3,63.2,139.5,21.0,15.0,20.0,503.0,515.0,1018.0,21.0,15.0,20.0
Seattle SuperSonics,2001/02,0.5489999999999999,88.2,59.6,147.8,4.0,20.0,10.0,531.0,523.0,1054.0,9.0,12.0,10.0
Utah Jazz,2001/02,0.537,90.8,53.8,144.6,3.0,26.0,15.0,516.0,530.0,1046.0,17.0,9.0,12.0
Orlando Magic,2001/02,0.537,83.0,64.6,147.6,10.0,10.0,11.0,528.0,520.0,1048.0,11.0,13.0,11.0
Charlotte Hornets,2001/02,0.537,78.5,68.6,147.1,18.0,9.0,13.0,519.0,517.0,1036.0,14.0,14.0,16.0
Philadelphia 76ers,2001/02,0.524,82.89999999999999,56.0,138.89999999999998,11.0,24.0,21.0,503.0,505.0,1008.0,21.0,19.0,22.0
Indiana Pacers,2001/02,0.512,76.6,73.7,150.3,20.0,2.0,7.0,519.0,523.0,1042.0,14.0,12.0,15.0
Toronto Raptors,2001/02,0.512,81.1,56.7,137.8,13.0,23.0,23.0,517.0,513.0,1030.0,16.0,16.0,18.0
Milwaukee Bucks,2001/02,0.5,88.0,62.4,150.4,5.0,18.0,6.0,539.0,530.0,1069.0,5.0,9.0,5.0
Los Angeles Clippers,2001/02,0.476,81.6,63.2,144.8,12.0,15.0,14.0,527.0,540.0,1067.0,12.0,4.0,6.0
Washington Wizards,2001/02,0.451,80.7,69.6,150.3,14.0,8.0,7.0,534.0,528.0,1062.0,7.0,10.0,7.0
Phoenix Suns,2001/02,0.439,74.9,63.2,138.10000000000002,23.0,15.0,22.0,520.0,523.0,1043.0,13.0,12.0,14.0
Miami Heat,2001/02,0.439,76.0,51.1,127.1,22.0,27.0,28.0,501.0,502.0,1003.0,23.0,20.0,24.0
Atlanta Hawks,2001/02,0.402,77.4,53.9,131.3,19.0,25.0,26.0,531.0,538.0,1069.0,9.0,5.0,5.0
New York Knicks,2001/02,0.366,74.3,59.1,133.4,24.0,21.0,24.0,533.0,523.0,1056.0,8.0,12.0,9.0
Cleveland Cavaliers,2001/02,0.354,83.9,57.6,141.5,7.0,22.0,19.0,544.0,534.0,1078.0,1.0,7.0,4.0
Houston Rockets,2001/02,0.341,80.3,63.900000000000006,144.2,15.0,12.0,16.0,543.0,544.0,1087.0,2.0,3.0,2.0
Denver Nuggets,2001/02,0.3289999999999999,71.4,72.7,144.10000000000002,26.0,4.0,17.0,537.0,547.0,1084.0,6.0,2.0,3.0
Memphis Grizzlies,2001/02,0.28,73.39999999999999,60.0,133.39999999999998,25.0,19.0,25.0,531.0,531.0,1062.0,9.0,8.0,7.0
Golden State Warriors,2001/02,0.256,79.30000000000001,63.400000000000006,142.70000000000002,16.0,14.0,18.0,544.0,540.0,1084.0,1.0,4.0,3.0
Chicago Bulls,2001/02,0.256,67.2,63.6,130.8,27.0,13.0,27.0,541.0,537.0,1078.0,3.0,6.0,4.0
San Antonio Spurs,2000/01,0.7070000000000001,90.2,66.4,156.60000000000002,4.0,10.0,3.0,489.0,495.0,984.0,20.0,23.0,24.0
Los Angeles Lakers,2000/01,0.6829999999999999,93.7,60.5,154.2,2.0,16.0,6.0,523.0,531.0,1054.0,10.0,5.0,5.0
Philadelphia 76ers,2000/01,0.6829999999999999,80.2,74.5,154.7,16.0,3.0,5.0,493.0,497.0,990.0,19.0,21.0,23.0
Sacramento Kings,2000/01,0.6709999999999999,88.4,68.3,156.7,6.0,7.0,2.0,498.0,502.0,1000.0,17.0,20.0,21.0
Utah Jazz,2000/01,0.6459999999999999,90.3,61.400000000000006,151.7,3.0,14.0,8.0,513.0,514.0,1027.0,15.0,15.0,16.0
Dallas Mavericks,2000/01,0.6459999999999999,88.5,61.3,149.8,5.0,15.0,12.0,512.0,517.0,1029.0,16.0,13.0,15.0
Milwaukee Bucks,2000/01,0.634,94.3,56.4,150.7,1.0,23.0,9.0,528.0,518.0,1046.0,6.0,12.0,9.0
Phoenix Suns,2000/01,0.622,83.2,45.1,128.3,11.0,29.0,26.0,489.0,491.0,980.0,20.0,24.0,25.0
Portland Trail Blazers,2000/01,0.61,83.5,72.9,156.4,10.0,4.0,4.0,512.0,504.0,1016.0,16.0,19.0,20.0
Miami Heat,2000/01,0.61,78.5,59.9,138.4,19.0,17.0,19.0,493.0,497.0,990.0,19.0,21.0,23.0
New York Knicks,2000/01,0.585,82.69999999999999,59.5,142.2,12.0,18.0,16.0,489.0,495.0,984.0,20.0,23.0,24.0
Minnesota Timberwolves,2000/01,0.573,88.3,59.3,147.6,7.0,19.0,13.0,517.0,520.0,1037.0,13.0,10.0,12.0
Toronto Raptors,2000/01,0.573,82.4,77.3,159.7,13.0,1.0,1.0,516.0,519.0,1035.0,14.0,11.0,14.0
Charlotte Hornets,2000/01,0.561,79.1,67.0,146.1,18.0,9.0,14.0,497.0,496.0,993.0,18.0,22.0,22.0
Houston Rockets,2000/01,0.5489999999999999,77.3,75.5,152.8,20.0,2.0,7.0,525.0,519.0,1044.0,8.0,11.0,11.0
Seattle SuperSonics,2000/01,0.537,84.60000000000001,65.4,150.0,8.0,12.0,10.0,526.0,533.0,1059.0,7.0,3.0,3.0
Orlando Magic,2000/01,0.524,81.1,54.0,135.1,14.0,27.0,22.0,513.0,512.0,1025.0,15.0,16.0,17.0
Indiana Pacers,2000/01,0.5,79.5,56.7,136.2,17.0,22.0,20.0,513.0,505.0,1018.0,15.0,18.0,19.0
Denver Nuggets,2000/01,0.488,83.8,66.1,149.89999999999998,9.0,11.0,11.0,530.0,529.0,1059.0,4.0,6.0,3.0
Boston Celtics,2000/01,0.439,75.7,59.0,134.7,22.0,20.0,23.0,520.0,516.0,1036.0,11.0,14.0,13.0
Detroit Pistons,2000/01,0.39,70.9,69.5,140.4,28.0,6.0,18.0,513.0,507.0,1020.0,15.0,17.0,18.0
Los Angeles Clippers,2000/01,0.3779999999999999,73.8,71.3,145.1,25.0,5.0,15.0,523.0,526.0,1049.0,10.0,8.0,8.0
Cleveland Cavaliers,2000/01,0.366,80.3,54.4,134.7,15.0,26.0,23.0,524.0,528.0,1052.0,9.0,7.0,7.0
New Jersey Nets,2000/01,0.317,77.1,58.4,135.5,21.0,21.0,21.0,530.0,528.0,1058.0,4.0,7.0,4.0
Atlanta Hawks,2000/01,0.305,73.9,51.7,125.6,24.0,28.0,28.0,519.0,526.0,1045.0,12.0,8.0,10.0
Vancouver Grizzlies,2000/01,0.28,72.5,55.7,128.2,27.0,24.0,27.0,529.0,524.0,1053.0,5.0,9.0,6.0
Washington Wizards,2000/01,0.2319999999999999,73.4,67.4,140.8,26.0,8.0,17.0,536.0,547.0,1083.0,2.0,1.0,1.0
Golden State Warriors,2000/01,0.207,70.3,63.900000000000006,134.2,29.0,13.0,24.0,539.0,532.0,1071.0,1.0,4.0,2.0
Chicago Bulls,2000/01,0.183,75.1,55.1,130.2,23.0,25.0,25.0,535.0,536.0,1071.0,3.0,2.0,2.0
Los Angeles Lakers,1999/00,0.8170000000000001,91.7,56.0,147.7,2.0,24.0,12.0,492.0,492.0,984.0,25.0,25.0,26.0
Portland Trail Blazers,1999/00,0.72,87.6,72.1,159.7,5.0,3.0,2.0,502.0,505.0,1007.0,21.0,21.0,22.0
Indiana Pacers,1999/00,0.6829999999999999,85.8,67.9,153.7,9.0,11.0,3.0,518.0,518.0,1036.0,16.0,14.0,16.0
Utah Jazz,1999/00,0.6709999999999999,92.4,53.7,146.10000000000002,1.0,27.0,15.0,516.0,511.0,1027.0,17.0,18.0,17.0
San Antonio Spurs,1999/00,0.6459999999999999,84.30000000000001,68.1,152.4,11.0,10.0,5.0,493.0,494.0,987.0,24.0,24.0,25.0
Phoenix Suns,1999/00,0.6459999999999999,87.1,62.2,149.3,7.0,18.0,8.0,495.0,496.0,991.0,23.0,23.0,24.0
Miami Heat,1999/00,0.634,78.9,74.8,153.7,17.0,2.0,3.0,502.0,509.0,1011.0,21.0,19.0,20.0
Minnesota Timberwolves,1999/00,0.61,87.4,61.0,148.4,6.0,19.0,10.0,520.0,517.0,1037.0,15.0,15.0,15.0
New York Knicks,1999/00,0.61,75.1,60.6,135.7,25.0,20.0,23.0,507.0,501.0,1008.0,19.0,22.0,21.0
Charlotte Hornets,1999/00,0.598,82.8,78.1,160.89999999999998,12.0,1.0,1.0,506.0,508.0,1014.0,20.0,20.0,19.0
Philadelphia 76ers,1999/00,0.598,74.3,70.7,145.0,26.0,6.0,17.0,501.0,501.0,1002.0,22.0,22.0,23.0
Seattle SuperSonics,1999/00,0.5489999999999999,82.7,59.4,142.1,13.0,22.0,19.0,524.0,522.0,1046.0,12.0,13.0,13.0
Toronto Raptors,1999/00,0.5489999999999999,84.39999999999999,65.1,149.5,10.0,14.0,7.0,520.0,535.0,1055.0,15.0,6.0,11.0
Sacramento Kings,1999/00,0.537,81.1,71.6,152.7,16.0,4.0,4.0,509.0,513.0,1022.0,18.0,17.0,18.0
Detroit Pistons,1999/00,0.512,89.3,59.9,149.2,3.0,21.0,9.0,525.0,534.0,1059.0,11.0,7.0,9.0
Milwaukee Bucks,1999/00,0.512,86.9,59.2,146.10000000000002,8.0,23.0,15.0,541.0,536.0,1077.0,4.0,5.0,5.0
Orlando Magic,1999/00,0.5,76.8,67.5,144.3,21.0,12.0,18.0,507.0,515.0,1022.0,19.0,16.0,18.0
Dallas Mavericks,1999/00,0.488,88.3,62.8,151.1,4.0,16.0,6.0,528.0,542.0,1070.0,10.0,3.0,7.0
Boston Celtics,1999/00,0.427,81.4,55.9,137.3,15.0,25.0,22.0,525.0,534.0,1059.0,11.0,7.0,9.0
Denver Nuggets,1999/00,0.427,78.1,69.1,147.2,18.0,9.0,13.0,529.0,533.0,1062.0,9.0,8.0,8.0
Houston Rockets,1999/00,0.415,75.8,70.6,146.39999999999998,23.0,7.0,14.0,532.0,525.0,1057.0,7.0,11.0,10.0
Cleveland Cavaliers,1999/00,0.39,77.6,54.7,132.3,19.0,26.0,25.0,521.0,523.0,1044.0,14.0,12.0,14.0
New Jersey Nets,1999/00,0.3779999999999999,82.4,65.9,148.3,14.0,13.0,11.0,531.0,531.0,1062.0,8.0,9.0,8.0
Washington Wizards,1999/00,0.354,75.6,69.69999999999999,145.29999999999998,24.0,8.0,16.0,542.0,530.0,1072.0,3.0,10.0,6.0
Atlanta Hawks,1999/00,0.341,77.0,62.7,139.7,20.0,17.0,21.0,540.0,542.0,1082.0,5.0,3.0,4.0
Vancouver Grizzlies,1999/00,0.268,76.4,53.5,129.9,22.0,28.0,26.0,543.0,540.0,1083.0,2.0,4.0,3.0
Golden State Warriors,1999/00,0.2319999999999999,69.80000000000001,71.3,141.10000000000002,28.0,5.0,20.0,538.0,547.0,1085.0,6.0,2.0,2.0
Chicago Bulls,1999/00,0.207,58.2,49.7,107.9,29.0,29.0,27.0,523.0,525.0,1048.0,13.0,11.0,12.0
Los Angeles Clippers,1999/00,0.183,70.1,63.1,133.2,27.0,15.0,24.0,550.0,550.0,1100.0,1.0,1.0,1.0
